date,role,count
2020-02-25,Assasin,1
2020-02-25,Detective,7
2020-02-25,Glitch,1
2020-02-25,Hypnotist,3
2020-02-25,Innocent,21
2020-02-25,Jester,1
2020-02-25,Phantom,4
2020-02-25,Swapper,1
2020-02-25,Traitor,10
2020-02-27,Assasin,5
2020-02-27,Detective,9
2020-02-27,Hypnotist,2
2020-02-27,Innocent,25
2020-02-27,Jester,5
2020-02-27,Phantom,4
2020-02-27,Swapper,2
2020-02-27,Traitor,11
2020-02-29,Assasin,3
2020-02-29,Detective,5
2020-02-29,Hypnotist,1
2020-02-29,Innocent,15
2020-02-29,Jester,2
2020-02-29,Phantom,1
2020-02-29,Swapper,2
2020-02-29,Traitor,6
2020-03-03,Assasin,3
2020-03-03,Banned,1
2020-03-03,Detective,9
2020-03-03,Hypnotist,3
2020-03-03,Innocent,27
2020-03-03,Jester,2
2020-03-03,Phantom,3
2020-03-03,Swapper,3
2020-03-03,Traitor,12
2020-03-05,Assasin,1
2020-03-05,Detective,5
2020-03-05,Glitch,1
2020-03-05,Hypnotist,3
2020-03-05,Innocent,17
2020-03-05,Jester,1
2020-03-05,Phantom,1
2020-03-05,Traitor,6
2020-03-07,Assasin,4
2020-03-07,Detective,7
2020-03-07,Glitch,3
2020-03-07,Innocent,22
2020-03-07,Jester,1
2020-03-07,Phantom,2
2020-03-07,Traitor,10
2020-03-10,Assasin,2
2020-03-10,Detective,6
2020-03-10,Glitch,1
2020-03-10,Hypnotist,1
2020-03-10,Innocent,20
2020-03-10,Jester,1
2020-03-10,Phantom,1
2020-03-10,Swapper,1
2020-03-10,Traitor,9
2020-03-12,Detective,7
2020-03-12,Glitch,3
2020-03-12,Hypnotist,3
2020-03-12,Innocent,22
2020-03-12,Jester,1
2020-03-12,Phantom,2
2020-03-12,Traitor,11
2020-03-14,Assasin,4
2020-03-14,Detective,11
2020-03-14,Glitch,5
2020-03-14,Innocent,26
2020-03-14,Jester,6
2020-03-14,Phantom,6
2020-03-14,Swapper,1
2020-03-14,Traitor,18
2020-03-17,Assasin,1
2020-03-17,Detective,8
2020-03-17,Glitch,2
2020-03-17,Hypnotist,4
2020-03-17,Innocent,21
2020-03-17,Jester,2
2020-03-17,Phantom,3
2020-03-17,Swapper,4
2020-03-17,Traitor,11
2020-03-19,Assasin,3
2020-03-19,Detective,5
2020-03-19,Hypnotist,1
2020-03-19,Innocent,17
2020-03-19,Jester,2
2020-03-19,Phantom,1
2020-03-19,Traitor,6
2020-03-21,Assasin,1
2020-03-21,Detective,6
2020-03-21,Glitch,3
2020-03-21,Innocent,14
2020-03-21,Jester,1
2020-03-21,Phantom,2
2020-03-21,Swapper,3
2020-03-21,Traitor,12
2020-03-24,Assasin,2
2020-03-24,Detective,8
2020-03-24,Glitch,3
2020-03-24,Hypnotist,1
2020-03-24,Innocent,23
2020-03-24,Jester,3
2020-03-24,Phantom,2
2020-03-24,Swapper,1
2020-03-24,Traitor,13
2020-03-26,Assasin,2
2020-03-26,Detective,6
2020-03-26,Glitch,1
2020-03-26,Hypnotist,1
2020-03-26,Innocent,21
2020-03-26,Phantom,1
2020-03-26,Swapper,1
2020-03-26,Traitor,9
2020-03-28,Assasin,2
2020-03-28,Detective,8
2020-03-28,Glitch,4
2020-03-28,Hypnotist,2
2020-03-28,Innocent,22
2020-03-28,Jester,2
2020-03-28,Phantom,3
2020-03-28,Swapper,1
2020-03-28,Traitor,12
2020-03-31,Detective,4
2020-03-31,Glitch,2
2020-03-31,Hypnotist,1
2020-03-31,Innocent,12
2020-03-31,Jester,1
2020-03-31,Swapper,1
2020-03-31,Traitor,7
2020-04-02,Assasin,3
2020-04-02,Detective,7
2020-04-02,Glitch,1
2020-04-02,Hypnotist,3
2020-04-02,Innocent,21
2020-04-02,Jester,3
2020-04-02,Phantom,1
2020-04-02,Swapper,1
2020-04-02,Traitor,9
2020-04-04,Assasin,1
2020-04-04,Detective,7
2020-04-04,Glitch,1
2020-04-04,Hypnotist,3
2020-04-04,Innocent,19
2020-04-04,Jester,3
2020-04-04,Phantom,2
2020-04-04,Swapper,2
2020-04-04,Traitor,11
2020-04-09,Assasin,2
2020-04-09,Detective,5
2020-04-09,Hypnotist,2
2020-04-09,Innocent,15
2020-04-09,Jester,1
2020-04-09,Phantom,1
2020-04-09,Swapper,3
2020-04-09,Traitor,6
2020-04-11,Assasin,2
2020-04-11,Detective,5
2020-04-11,Hypnotist,1
2020-04-11,Innocent,17
2020-04-11,Jester,2
2020-04-11,Phantom,1
2020-04-11,Traitor,7
2020-04-14,Assasin,3
2020-04-14,Detective,11
2020-04-14,Glitch,3
2020-04-14,Hypnotist,2
2020-04-14,Innocent,30
2020-04-14,Jester,4
2020-04-14,Phantom,3
2020-04-14,Swapper,1
2020-04-14,Traitor,16
2020-04-14,Unknown,4
2020-04-16,Assasin,1
2020-04-16,Detective,6
2020-04-16,Glitch,3
2020-04-16,Hypnotist,2
2020-04-16,Innocent,17
2020-04-16,Phantom,2
2020-04-16,Swapper,2
2020-04-16,Traitor,9
2020-04-18,Assasin,2
2020-04-18,Detective,8
2020-04-18,Glitch,1
2020-04-18,Hypnotist,1
2020-04-18,Innocent,25
2020-04-18,Jester,1
2020-04-18,Phantom,3
2020-04-18,Swapper,2
2020-04-18,Traitor,13
2020-04-21,Assasin,1
2020-04-21,Detective,8
2020-04-21,Glitch,2
2020-04-21,Hypnotist,2
2020-04-21,Innocent,26
2020-04-21,Jester,2
2020-04-21,Phantom,1
2020-04-21,Swapper,1
2020-04-21,Traitor,13
2020-04-25,Assasin,2
2020-04-25,Detective,6
2020-04-25,Glitch,1
2020-04-25,Hypnotist,2
2020-04-25,Innocent,18
2020-04-25,Jester,2
2020-04-25,Phantom,2
2020-04-25,Swapper,1
2020-04-25,Traitor,8
2020-04-28,Assasin,2
2020-04-28,Detective,9
2020-04-28,Glitch,2
2020-04-28,Hypnotist,4
2020-04-28,Innocent,29
2020-04-28,Jester,2
2020-04-28,Phantom,2
2020-04-28,Swapper,1
2020-04-28,Traitor,12
2020-04-29,Detective,6
2020-04-29,Glitch,3
2020-04-29,Hypnotist,2
2020-04-29,Innocent,17
2020-04-29,Jester,2
2020-04-29,Phantom,2
2020-04-29,Traitor,10
2020-05-02,Detective,9
2020-05-02,Glitch,3
2020-05-02,Hypnotist,1
2020-05-02,Innocent,23
2020-05-02,Jester,2
2020-05-02,Phantom,3
2020-05-02,Swapper,4
2020-05-02,Traitor,18
2020-05-05,Assasin,1
2020-05-05,Detective,7
2020-05-05,Glitch,3
2020-05-05,Hypnotist,3
2020-05-05,Innocent,23
2020-05-05,Jester,3
2020-05-05,Phantom,3
2020-05-05,Swapper,2
2020-05-05,Traitor,12
2020-05-07,Assasin,1
2020-05-07,Detective,7
2020-05-07,Glitch,2
2020-05-07,Innocent,30
2020-05-07,Phantom,2
2020-05-07,Swapper,1
2020-05-07,Traitor,13
2020-05-09,Assasin,2
2020-05-09,Detective,7
2020-05-09,Hypnotist,3
2020-05-09,Innocent,31
2020-05-09,Jester,1
2020-05-09,Phantom,3
2020-05-09,Traitor,9
2020-05-12,Assasin,3
2020-05-12,Detective,7
2020-05-12,Glitch,2
2020-05-12,Hypnotist,1
2020-05-12,Innocent,20
2020-05-12,Jester,2
2020-05-12,Phantom,1
2020-05-12,Swapper,3
2020-05-12,Traitor,10
2020-05-13,Detective,9
2020-05-13,Glitch,4
2020-05-13,Hypnotist,2
2020-05-13,Innocent,33
2020-05-13,Jester,1
2020-05-13,Phantom,4
2020-05-13,Swapper,3
2020-05-13,Traitor,16
2020-05-14,Assasin,2
2020-05-14,Detective,8
2020-05-14,Glitch,1
2020-05-14,Hypnotist,2
2020-05-14,Innocent,25
2020-05-14,Jester,2
2020-05-14,Phantom,2
2020-05-14,Swapper,2
2020-05-14,Traitor,12
2020-05-16,Assasin,1
2020-05-16,Detective,7
2020-05-16,Glitch,3
2020-05-16,Hypnotist,2
2020-05-16,Innocent,19
2020-05-16,Jester,2
2020-05-16,Phantom,2
2020-05-16,Swapper,2
2020-05-16,Traitor,11
2020-05-19,Assasin,3
2020-05-19,Detective,6
2020-05-19,Glitch,2
2020-05-19,Hypnotist,1
2020-05-19,Innocent,18
2020-05-19,Phantom,1
2020-05-19,Swapper,3
2020-05-19,Traitor,8
2020-05-21,Assasin,2
2020-05-21,Detective,10
2020-05-21,Glitch,1
2020-05-21,Hypnotist,5
2020-05-21,Innocent,32
2020-05-21,Jester,2
2020-05-21,Phantom,2
2020-05-21,Swapper,3
2020-05-21,Traitor,13
2020-05-23,Assasin,1
2020-05-23,Detective,7
2020-05-23,Glitch,2
2020-05-23,Hypnotist,1
2020-05-23,Innocent,21
2020-05-23,Jester,1
2020-05-23,Phantom,3
2020-05-23,Swapper,1
2020-05-23,Traitor,12
2020-05-26,Detective,6
2020-05-26,Glitch,3
2020-05-26,Hypnotist,2
2020-05-26,Innocent,16
2020-05-26,Jester,4
2020-05-26,Phantom,1
2020-05-26,Traitor,10
2020-05-28,Assasin,1
2020-05-28,Detective,7
2020-05-28,Glitch,1
2020-05-28,Innocent,27
2020-05-28,Jester,3
2020-05-28,Phantom,1
2020-05-28,Swapper,1
2020-05-28,Traitor,15
2020-05-30,Detective,7
2020-05-30,Glitch,3
2020-05-30,Hypnotist,2
2020-05-30,Innocent,19
2020-05-30,Jester,1
2020-05-30,Phantom,4
2020-05-30,Swapper,1
2020-05-30,Traitor,12
2020-06-02,Assasin,4
2020-06-02,Detective,6
2020-06-02,Glitch,1
2020-06-02,Innocent,20
2020-06-02,Jester,3
2020-06-02,Traitor,8
2020-06-04,Assasin,2
2020-06-04,Detective,13
2020-06-04,Glitch,3
2020-06-04,Hypnotist,3
2020-06-04,Innocent,43
2020-06-04,Jester,2
2020-06-04,Phantom,2
2020-06-04,Swapper,2
2020-06-04,Traitor,21
2020-06-06,Assasin,2
2020-06-06,Detective,8
2020-06-06,Glitch,2
2020-06-06,Hypnotist,3
2020-06-06,Innocent,27
2020-06-06,Jester,1
2020-06-06,Phantom,2
2020-06-06,Swapper,1
2020-06-06,Traitor,10
2020-06-09,Detective,9
2020-06-09,Glitch,5
2020-06-09,Hypnotist,2
2020-06-09,Innocent,25
2020-06-09,Jester,2
2020-06-09,Phantom,3
2020-06-09,Swapper,2
2020-06-09,Traitor,15
2020-06-11,Detective,8
2020-06-11,Glitch,2
2020-06-11,Hypnotist,3
2020-06-11,Innocent,27
2020-06-11,Jester,2
2020-06-11,Swapper,1
2020-06-11,Traitor,13
2020-06-13,Detective,9
2020-06-13,Glitch,1
2020-06-13,Hypnotist,2
2020-06-13,Innocent,28
2020-06-13,Jester,1
2020-06-13,Phantom,2
2020-06-13,Swapper,4
2020-06-13,Traitor,16
2020-06-16,Detective,7
2020-06-16,Glitch,3
2020-06-16,Hypnotist,1
2020-06-16,Innocent,17
2020-06-16,Jester,4
2020-06-16,Phantom,2
2020-06-16,Traitor,9
2020-06-16,Zombie,6
2020-06-18,Detective,8
2020-06-18,Glitch,5
2020-06-18,Hypnotist,3
2020-06-18,Innocent,21
2020-06-18,Jester,5
2020-06-18,Phantom,1
2020-06-18,Traitor,13
2021-06-15,Detective,8
2021-06-15,Drunk,1
2021-06-15,Glitch,2
2021-06-15,Hypnotist,3
2021-06-15,Impersonator,1
2021-06-15,Innocent,8
2021-06-15,Jester,3
2021-06-15,Old Man,3
2021-06-15,Phantom,7
2021-06-15,Revenger,7
2021-06-15,Swapper,1
2021-06-15,Traitor,12
2021-06-17,Beggar,1
2021-06-17,Detective,6
2021-06-17,Hypnotist,1
2021-06-17,Impersonator,4
2021-06-17,Innocent,6
2021-06-17,Jester,1
2021-06-17,Old Man,2
2021-06-17,Phantom,6
2021-06-17,Revenger,6
2021-06-17,Swapper,2
2021-06-17,Traitor,7
2021-06-19,Beggar,2
2021-06-19,Detective,4
2021-06-19,Drunk,1
2021-06-19,Hypnotist,2
2021-06-19,Impersonator,2
2021-06-19,Innocent,4
2021-06-19,Old Man,1
2021-06-19,Phantom,4
2021-06-19,Revenger,4
2021-06-19,Traitor,4
2021-06-22,Detective,7
2021-06-22,Glitch,2
2021-06-22,Hypnotist,3
2021-06-22,Impersonator,1
2021-06-22,Innocent,6
2021-06-22,Jester,2
2021-06-22,Killer Clown,1
2021-06-22,Old Man,1
2021-06-22,Phantom,7
2021-06-22,Revenger,6
2021-06-22,Swapper,3
2021-06-22,Traitor,10
2021-06-24,Beggar,1
2021-06-24,Detective,4
2021-06-24,Glitch,4
2021-06-24,Innocent,4
2021-06-24,Phantom,2
2021-06-24,Revenger,2
2021-06-24,Swapper,3
2021-06-24,Traitor,8
2021-06-26,Beggar,2
2021-06-26,Deputy,1
2021-06-26,Detective,7
2021-06-26,Drunk,1
2021-06-26,Glitch,5
2021-06-26,Hypnotist,1
2021-06-26,Innocent,7
2021-06-26,Jester,1
2021-06-26,Old Man,1
2021-06-26,Phantom,4
2021-06-26,Revenger,4
2021-06-26,Swapper,2
2021-06-26,Traitor,13
2021-06-29,Beggar,1
2021-06-29,Deputy,2
2021-06-29,Detective,8
2021-06-29,Drunk,1
2021-06-29,Glitch,3
2021-06-29,Hypnotist,2
2021-06-29,Innocent,9
2021-06-29,Jester,2
2021-06-29,Killer Clown,3
2021-06-29,Phantom,7
2021-06-29,Revenger,4
2021-06-29,Traitor,14
2021-07-01,Detective,6
2021-07-01,Glitch,1
2021-07-01,Hypnotist,1
2021-07-01,Impersonator,1
2021-07-01,Innocent,8
2021-07-01,Killer Clown,3
2021-07-01,Mercenary,3
2021-07-01,Old Man,2
2021-07-01,Phantom,1
2021-07-01,Revenger,3
2021-07-01,Traitor,11
2021-07-01,Veteran,2
2021-07-03,Beggar,2
2021-07-03,Body Snatcher,1
2021-07-03,Detective,6
2021-07-03,Drunk,1
2021-07-03,Glitch,2
2021-07-03,Hypnotist,1
2021-07-03,Impersonator,2
2021-07-03,Innocent,6
2021-07-03,Jester,1
2021-07-03,Mercenary,6
2021-07-03,Old Man,1
2021-07-03,Phantom,2
2021-07-03,Revenger,2
2021-07-03,Traitor,9
2021-07-06,Beggar,2
2021-07-06,Body Snatcher,1
2021-07-06,Deputy,1
2021-07-06,Detective,9
2021-07-06,Drunk,2
2021-07-06,Glitch,1
2021-07-06,Hypnotist,5
2021-07-06,Innocent,10
2021-07-06,Jester,1
2021-07-06,Killer Clown,1
2021-07-06,Mercenary,6
2021-07-06,Old Man,1
2021-07-06,Phantom,3
2021-07-06,Revenger,5
2021-07-06,Traitor,13
2021-07-06,Veteran,2
2021-07-08,Beggar,2
2021-07-08,Detective,4
2021-07-08,Glitch,1
2021-07-08,Impersonator,1
2021-07-08,Innocent,5
2021-07-08,Mercenary,2
2021-07-08,Phantom,2
2021-07-08,Revenger,2
2021-07-08,Swapper,1
2021-07-08,Traitor,7
2021-07-08,Veteran,1
2021-07-10,Beggar,1
2021-07-10,Deputy,2
2021-07-10,Detective,7
2021-07-10,Drunk,1
2021-07-10,Glitch,5
2021-07-10,Hypnotist,5
2021-07-10,Impersonator,1
2021-07-10,Innocent,5
2021-07-10,Jester,1
2021-07-10,Mercenary,5
2021-07-10,Old Man,1
2021-07-10,Phantom,5
2021-07-10,Revenger,1
2021-07-10,Swapper,2
2021-07-10,Traitor,10
2021-07-10,Veteran,4
2021-07-13,Beggar,1
2021-07-13,Deputy,2
2021-07-13,Detective,8
2021-07-13,Drunk,1
2021-07-13,Glitch,2
2021-07-13,Hypnotist,3
2021-07-13,Innocent,15
2021-07-13,Killer Clown,3
2021-07-13,Mercenary,2
2021-07-13,Old Man,2
2021-07-13,Phantom,5
2021-07-13,Revenger,2
2021-07-13,Swapper,1
2021-07-13,Traitor,13
2021-07-13,Veteran,3
2021-07-15,Beggar,2
2021-07-15,Deputy,1
2021-07-15,Detective,6
2021-07-15,Drunk,2
2021-07-15,Glitch,2
2021-07-15,Hypnotist,2
2021-07-15,Innocent,6
2021-07-15,Jester,1
2021-07-15,Killer Clown,1
2021-07-15,Mercenary,3
2021-07-15,Phantom,4
2021-07-15,Traitor,10
2021-07-15,Veteran,2
2021-07-17,Beggar,1
2021-07-17,Deputy,1
2021-07-17,Detective,5
2021-07-17,Drunk,1
2021-07-17,Hypnotist,2
2021-07-17,Impersonator,1
2021-07-17,Innocent,5
2021-07-17,Jester,1
2021-07-17,Killer Clown,2
2021-07-17,Mercenary,1
2021-07-17,Phantom,4
2021-07-17,Revenger,3
2021-07-17,Traitor,7
2021-07-17,Veteran,1
2021-07-20,Beggar,1
2021-07-20,Deputy,1
2021-07-20,Detective,5
2021-07-20,Drunk,3
2021-07-20,Glitch,2
2021-07-20,Impersonator,1
2021-07-20,Innocent,5
2021-07-20,Mercenary,1
2021-07-20,Phantom,2
2021-07-20,Revenger,4
2021-07-20,Swapper,1
2021-07-20,Traitor,9
2021-07-22,Beggar,2
2021-07-22,Deputy,1
2021-07-22,Detective,6
2021-07-22,Drunk,2
2021-07-22,Hypnotist,2
2021-07-22,Impersonator,1
2021-07-22,Innocent,6
2021-07-22,Jester,1
2021-07-22,Killer Clown,1
2021-07-22,Mercenary,2
2021-07-22,Phantom,3
2021-07-22,Revenger,2
2021-07-22,Traitor,9
2021-07-22,Veteran,4
2021-07-24,Deputy,1
2021-07-24,Detective,4
2021-07-24,Drunk,1
2021-07-24,Glitch,1
2021-07-24,Hypnotist,1
2021-07-24,Innocent,4
2021-07-24,Killer Clown,1
2021-07-24,Parasite,1
2021-07-24,Phantom,3
2021-07-24,Revenger,1
2021-07-24,Swapper,2
2021-07-24,Traitor,6
2021-07-24,Veteran,2
2021-07-27,Beggar,2
2021-07-27,Deputy,2
2021-07-27,Detective,6
2021-07-27,Glitch,1
2021-07-27,Hypnotist,3
2021-07-27,Innocent,6
2021-07-27,Jester,2
2021-07-27,Old Man,1
2021-07-27,Parasite,1
2021-07-27,Phantom,2
2021-07-27,Revenger,2
2021-07-27,Swapper,1
2021-07-27,Traitor,8
2021-07-27,Veteran,5
2021-07-29,Beggar,2
2021-07-29,Detective,5
2021-07-29,Drunk,1
2021-07-29,Glitch,2
2021-07-29,Impersonator,1
2021-07-29,Innocent,5
2021-07-29,Killer Clown,1
2021-07-29,Parasite,2
2021-07-29,Phantom,3
2021-07-29,Revenger,1
2021-07-29,Swapper,1
2021-07-29,Traitor,7
2021-07-29,Veteran,4
2021-07-31,Beggar,1
2021-07-31,Deputy,1
2021-07-31,Detective,3
2021-07-31,Hypnotist,2
2021-07-31,Innocent,3
2021-07-31,Killer Clown,2
2021-07-31,Parasite,1
2021-07-31,Revenger,2
2021-07-31,Traitor,3
2021-07-31,Veteran,3
2021-08-03,Beggar,1
2021-08-03,Deputy,1
2021-08-03,Detective,8
2021-08-03,Drunk,2
2021-08-03,Glitch,4
2021-08-03,Impersonator,1
2021-08-03,Innocent,11
2021-08-03,Jester,2
2021-08-03,Killer Clown,1
2021-08-03,Old Man,1
2021-08-03,Parasite,1
2021-08-03,Phantom,3
2021-08-03,Revenger,2
2021-08-03,Traitor,14
2021-08-03,Veteran,4
2021-08-05,Beggar,6
2021-08-05,Deputy,1
2021-08-05,Detective,7
2021-08-05,Drunk,1
2021-08-05,Glitch,1
2021-08-05,Hypnotist,1
2021-08-05,Innocent,6
2021-08-05,Killer Clown,4
2021-08-05,Parasite,2
2021-08-05,Phantom,4
2021-08-05,Revenger,3
2021-08-05,Traitor,10
2021-08-05,Veteran,3
2021-08-07,Beggar,1
2021-08-07,Deputy,2
2021-08-07,Detective,7
2021-08-07,Drunk,2
2021-08-07,Glitch,2
2021-08-07,Hypnotist,4
2021-08-07,Innocent,7
2021-08-07,Jester,1
2021-08-07,Killer Clown,2
2021-08-07,Old Man,1
2021-08-07,Phantom,3
2021-08-07,Revenger,2
2021-08-07,Traitor,10
2021-08-07,Veteran,5
2021-08-10,Beggar,1
2021-08-10,Deputy,1
2021-08-10,Detective,6
2021-08-10,Glitch,2
2021-08-10,Innocent,6
2021-08-10,Jester,1
2021-08-10,Killer Clown,3
2021-08-10,Old Man,1
2021-08-10,Parasite,2
2021-08-10,Phantom,3
2021-08-10,Revenger,2
2021-08-10,Traitor,10
2021-08-10,Veteran,4
2021-08-12,Detective,4
2021-08-12,Glitch,1
2021-08-12,Innocent,10
2021-08-12,Jester,7
2021-08-12,Killer Clown,1
2021-08-12,Parasite,2
2021-08-12,Phantom,2
2021-08-12,Revenger,3
2021-08-12,Traitor,5
2021-08-14,Detective,5
2021-08-14,Glitch,1
2021-08-14,Hypnotist,2
2021-08-14,Innocent,5
2021-08-14,Jester,2
2021-08-14,Killer Clown,1
2021-08-14,Old Man,1
2021-08-14,Phantom,2
2021-08-14,Revenger,4
2021-08-14,Swapper,1
2021-08-14,Traitor,8
2021-08-14,Veteran,3
2021-08-17,Beggar,3
2021-08-17,Deputy,3
2021-08-17,Detective,5
2021-08-17,Glitch,1
2021-08-17,Impersonator,1
2021-08-17,Innocent,6
2021-08-17,Jester,1
2021-08-17,Killer Clown,1
2021-08-17,Parasite,4
2021-08-17,Phantom,3
2021-08-17,Revenger,4
2021-08-17,Swapper,1
2021-08-17,Traitor,8
2021-08-17,Veteran,1
2021-08-19,Beggar,1
2021-08-19,Deputy,3
2021-08-19,Detective,5
2021-08-19,Drunk,2
2021-08-19,Glitch,1
2021-08-19,Hypnotist,2
2021-08-19,Impersonator,1
2021-08-19,Innocent,6
2021-08-19,Killer Clown,2
2021-08-19,Parasite,1
2021-08-19,Phantom,1
2021-08-19,Revenger,3
2021-08-19,Swapper,1
2021-08-19,Traitor,10
2021-08-19,Veteran,3
2021-08-21,Deputy,1
2021-08-21,Detective,6
2021-08-21,Glitch,3
2021-08-21,Hypnotist,1
2021-08-21,Innocent,6
2021-08-21,Jester,2
2021-08-21,Killer Clown,3
2021-08-21,Parasite,1
2021-08-21,Phantom,2
2021-08-21,Revenger,3
2021-08-21,Swapper,1
2021-08-21,Traitor,10
2021-08-21,Unknown,1
2021-08-21,Veteran,2
2021-08-24,Deputy,2
2021-08-24,Detective,8
2021-08-24,Drunk,1
2021-08-24,Glitch,1
2021-08-24,Hypnotist,1
2021-08-24,Impersonator,1
2021-08-24,Innocent,8
2021-08-24,Jester,2
2021-08-24,Killer Clown,2
2021-08-24,Old Man,2
2021-08-24,Parasite,3
2021-08-24,Phantom,3
2021-08-24,Revenger,4
2021-08-24,Swapper,1
2021-08-24,Traitor,11
2021-08-24,Veteran,6
2021-08-26,Beggar,1
2021-08-26,Deputy,2
2021-08-26,Detective,5
2021-08-26,Drunk,1
2021-08-26,Glitch,2
2021-08-26,Innocent,5
2021-08-26,Jester,1
2021-08-26,Killer Clown,1
2021-08-26,Phantom,1
2021-08-26,Revenger,3
2021-08-26,Swapper,1
2021-08-26,Traitor,10
2021-08-26,Veteran,2
2021-08-28,Deputy,1
2021-08-28,Detective,3
2021-08-28,Glitch,1
2021-08-28,Innocent,8
2021-08-28,Killer Clown,1
2021-08-28,Parasite,1
2021-08-28,Phantom,3
2021-08-28,Revenger,1
2021-08-28,Swapper,2
2021-08-28,Traitor,7
2021-08-31,Deputy,3
2021-08-31,Detective,5
2021-08-31,Drunk,4
2021-08-31,Glitch,3
2021-08-31,Hypnotist,1
2021-08-31,Impersonator,2
2021-08-31,Innocent,6
2021-08-31,Killer Clown,1
2021-08-31,Parasite,1
2021-08-31,Phantom,1
2021-08-31,Revenger,2
2021-08-31,Swapper,1
2021-08-31,Traitor,9
2021-08-31,Veteran,3
2021-09-02,Beggar,1
2021-09-02,Deputy,2
2021-09-02,Detective,5
2021-09-02,Drunk,1
2021-09-02,Glitch,1
2021-09-02,Hypnotist,1
2021-09-02,Impersonator,1
2021-09-02,Innocent,5
2021-09-02,Killer Clown,2
2021-09-02,Phantom,2
2021-09-02,Revenger,3
2021-09-02,Swapper,1
2021-09-02,Traitor,8
2021-09-02,Veteran,2
2021-09-04,Detective,4
2021-09-04,Glitch,2
2021-09-04,Hypnotist,1
2021-09-04,Impersonator,1
2021-09-04,Innocent,4
2021-09-04,Killer Clown,2
2021-09-04,Phantom,2
2021-09-04,Revenger,1
2021-09-04,Swapper,2
2021-09-04,Traitor,6
2021-09-04,Veteran,3
2021-09-07,Beggar,1
2021-09-07,Deputy,2
2021-09-07,Detective,6
2021-09-07,Glitch,1
2021-09-07,Impersonator,1
2021-09-07,Innocent,6
2021-09-07,Jester,1
2021-09-07,Killer Clown,2
2021-09-07,Parasite,3
2021-09-07,Phantom,4
2021-09-07,Revenger,3
2021-09-07,Swapper,2
2021-09-07,Traitor,8
2021-09-07,Veteran,2
2021-09-09,Beggar,2
2021-09-09,Deputy,1
2021-09-09,Detective,5
2021-09-09,Glitch,4
2021-09-09,Hypnotist,1
2021-09-09,Innocent,5
2021-09-09,Killer Clown,1
2021-09-09,Mad Scientist,1
2021-09-09,Old Man,1
2021-09-09,Paramedic,1
2021-09-09,Parasite,1
2021-09-09,Phantom,1
2021-09-09,Traitor,8
2021-09-09,Veteran,3
2021-09-11,Detective,6
2021-09-11,Glitch,4
2021-09-11,Hypnotist,1
2021-09-11,Innocent,6
2021-09-11,Jester,2
2021-09-11,Killer Clown,1
2021-09-11,Mad Scientist,2
2021-09-11,Parasite,1
2021-09-11,Phantom,4
2021-09-11,Revenger,3
2021-09-11,Summoner,2
2021-09-11,Swapper,1
2021-09-11,Traitor,8
2021-09-11,Veteran,1
2021-09-14,Beggar,1
2021-09-14,Deputy,1
2021-09-14,Detective,5
2021-09-14,Glitch,3
2021-09-14,Innocent,5
2021-09-14,Jester,1
2021-09-14,Killer Clown,1
2021-09-14,Old Man,1
2021-09-14,Paramedic,1
2021-09-14,Parasite,3
2021-09-14,Phantom,1
2021-09-14,Revenger,2
2021-09-14,Swapper,1
2021-09-14,Traitor,7
2021-09-14,Veteran,2
2021-09-16,Detective,5
2021-09-16,Doctor,3
2021-09-16,Drunk,1
2021-09-16,Glitch,2
2021-09-16,Impersonator,1
2021-09-16,Innocent,5
2021-09-16,Jester,1
2021-09-16,Mad Scientist,1
2021-09-16,Paramedic,1
2021-09-16,Phantom,1
2021-09-16,Revenger,2
2021-09-16,Swapper,2
2021-09-16,Traitor,9
2021-09-16,Veteran,1
2021-09-18,Beggar,1
2021-09-18,Detective,4
2021-09-18,Drunk,1
2021-09-18,Glitch,2
2021-09-18,Impersonator,1
2021-09-18,Innocent,4
2021-09-18,Killer Clown,1
2021-09-18,Mad Scientist,1
2021-09-18,Paramedic,1
2021-09-18,Revenger,2
2021-09-18,Traitor,7
2021-09-18,Veteran,3
2021-09-21,Detective,5
2021-09-21,Drunk,2
2021-09-21,Glitch,2
2021-09-21,Innocent,5
2021-09-21,Jester,1
2021-09-21,Killer Clown,1
2021-09-21,Mad Scientist,1
2021-09-21,Paramedic,2
2021-09-21,Parasite,2
2021-09-21,Phantom,3
2021-09-21,Revenger,2
2021-09-21,Summoner,1
2021-09-21,Traitor,7
2021-09-21,Veteran,1
2021-09-23,Beggar,2
2021-09-23,Detective,4
2021-09-23,Doctor,1
2021-09-23,Glitch,2
2021-09-23,Impersonator,2
2021-09-23,Innocent,5
2021-09-23,Jester,2
2021-09-23,Mad Scientist,1
2021-09-23,Phantom,2
2021-09-23,Revenger,2
2021-09-23,Summoner,1
2021-09-23,Traitor,8
2021-09-23,Veteran,3
2021-09-25,Deputy,2
2021-09-25,Detective,8
2021-09-25,Hypnotist,3
2021-09-25,Innocent,11
2021-09-25,Jester,1
2021-09-25,Killer Clown,5
2021-09-25,Old Man,1
2021-09-25,Paramedic,1
2021-09-25,Parasite,2
2021-09-25,Phantom,2
2021-09-25,Revenger,4
2021-09-25,Summoner,2
2021-09-25,Traitor,9
2021-09-25,Veteran,5
2021-09-28,Deputy,2
2021-09-28,Detective,6
2021-09-28,Glitch,3
2021-09-28,Hypnotist,1
2021-09-28,Impersonator,1
2021-09-28,Innocent,6
2021-09-28,Jester,1
2021-09-28,Killer Clown,1
2021-09-28,Mad Scientist,3
2021-09-28,Parasite,5
2021-09-28,Phantom,2
2021-09-28,Revenger,2
2021-09-28,Summoner,4
2021-09-28,Swapper,1
2021-09-28,Traitor,1
2021-09-28,Veteran,3
2021-09-30,Beggar,1
2021-09-30,Detective,3
2021-09-30,Doctor,1
2021-09-30,Glitch,1
2021-09-30,Impersonator,1
2021-09-30,Innocent,9
2021-09-30,Jester,2
2021-09-30,Killer Clown,1
2021-09-30,Medium,3
2021-09-30,Old Man,2
2021-09-30,Paramedic,1
2021-09-30,Parasite,6
2021-09-30,Phantom,1
2021-09-30,Revenger,4
2021-09-30,Summoner,3
2021-09-30,Tracker,2
2021-09-30,Traitor,4
2021-09-30,Veteran,4
2021-10-02,Beggar,2
2021-10-02,Deputy,1
2021-10-02,Detective,3
2021-10-02,Glitch,2
2021-10-02,Hypnotist,2
2021-10-02,Impersonator,1
2021-10-02,Innocent,5
2021-10-02,Jester,1
2021-10-02,Killer Clown,1
2021-10-02,Medium,1
2021-10-02,Old Man,1
2021-10-02,Paladin,1
2021-10-02,Parasite,4
2021-10-02,Phantom,1
2021-10-02,Revenger,4
2021-10-02,Summoner,2
2021-10-02,Traitor,1
2021-10-02,Veteran,2
2021-10-05,Deputy,1
2021-10-05,Detective,1
2021-10-05,Hypnotist,1
2021-10-05,Impersonator,1
2021-10-05,Innocent,4
2021-10-05,Mad Scientist,1
2021-10-05,Old Man,1
2021-10-05,Parasite,3
2021-10-05,Phantom,4
2021-10-05,Revenger,3
2021-10-05,Summoner,2
2021-10-05,Swapper,2
2021-10-05,Tracker,3
2021-10-05,Traitor,1
2021-10-09,Deputy,2
2021-10-09,Detective,1
2021-10-09,Glitch,3
2021-10-09,Hypnotist,1
2021-10-09,Impersonator,2
2021-10-09,Innocent,10
2021-10-09,Jester,2
2021-10-09,Killer Clown,2
2021-10-09,Medium,1
2021-10-09,Paladin,2
2021-10-09,Parasite,4
2021-10-09,Phantom,2
2021-10-09,Revenger,2
2021-10-09,Summoner,3
2021-10-09,Swapper,1
2021-10-09,Tracker,1
2021-10-09,Veteran,1
2021-10-12,Deputy,1
2021-10-12,Detective,4
2021-10-12,Glitch,1
2021-10-12,Hypnotist,1
2021-10-12,Impersonator,1
2021-10-12,Innocent,7
2021-10-12,Killer Clown,2
2021-10-12,Mad Scientist,1
2021-10-12,Parasite,2
2021-10-12,Revenger,3
2021-10-12,Summoner,2
2021-10-12,Traitor,2
2021-10-12,Veteran,1
2021-10-16,Beggar,2
2021-10-16,Detective,5
2021-10-16,Glitch,2
2021-10-16,Hypnotist,4
2021-10-16,Impersonator,2
2021-10-16,Innocent,4
2021-10-16,Killer Clown,2
2021-10-16,Parasite,1
2021-10-16,Phantom,1
2021-10-16,Revenger,4
2021-10-16,Summoner,2
2021-10-16,Swapper,1
2021-10-16,Tracker,1
2021-10-16,Traitor,1
2021-10-16,Veteran,3
2021-10-19,Deputy,2
2021-10-19,Detective,6
2021-10-19,Glitch,2
2021-10-19,Good Boy,2
2021-10-19,Hypnotist,1
2021-10-19,Impersonator,3
2021-10-19,Innocent,6
2021-10-19,Jester,3
2021-10-19,Old Man,2
2021-10-19,Parasite,3
2021-10-19,Phantom,1
2021-10-19,Revenger,4
2021-10-19,Summoner,4
2021-10-19,Swapper,1
2021-10-19,Traitor,1
2021-10-19,Veteran,1
2021-10-23,Beggar,1
2021-10-23,Deputy,1
2021-10-23,Detective,4
2021-10-23,Doctor,1
2021-10-23,Glitch,2
2021-10-23,Good Boy,3
2021-10-23,Hypnotist,3
2021-10-23,Impersonator,1
2021-10-23,Innocent,6
2021-10-23,Jester,1
2021-10-23,Mad Scientist,3
2021-10-23,Medium,2
2021-10-23,Old Man,1
2021-10-23,Parasite,4
2021-10-23,Phantom,1
2021-10-23,Revenger,1
2021-10-23,Summoner,4
2021-10-23,Veteran,3
2021-10-26,Deputy,1
2021-10-26,Detective,2
2021-10-26,Doctor,3
2021-10-26,Glitch,4
2021-10-26,Good Boy,3
2021-10-26,Hypnotist,2
2021-10-26,Impersonator,2
2021-10-26,Innocent,8
2021-10-26,Jester,4
2021-10-26,Mad Scientist,3
2021-10-26,Medium,2
2021-10-26,Paladin,1
2021-10-26,Parasite,7
2021-10-26,Phantom,2
2021-10-26,Revenger,2
2021-10-26,Summoner,5
2021-10-26,Swapper,1
2021-10-26,Tracker,3
2021-10-26,Veteran,1
2021-10-30,Deputy,1
2021-10-30,Detective,2
2021-10-30,Drunk,1
2021-10-30,Glitch,2
2021-10-30,Impersonator,3
2021-10-30,Innocent,6
2021-10-30,Jester,1
2021-10-30,Killer Clown,2
2021-10-30,Medium,3
2021-10-30,Old Man,1
2021-10-30,Parasite,4
2021-10-30,Phantom,4
2021-10-30,Summoner,5
2021-10-30,Swapper,1
2021-10-30,Tracker,1
2021-10-30,Veteran,5
2021-11-02,Beggar,1
2021-11-02,Deputy,4
2021-11-02,Detective,2
2021-11-02,Drunk,2
2021-11-02,Good Boy,4
2021-11-02,Hypnotist,3
2021-11-02,Impersonator,1
2021-11-02,Innocent,5
2021-11-02,Killer Clown,2
2021-11-02,Paladin,2
2021-11-02,Parasite,5
2021-11-02,Phantom,6
2021-11-02,Summoner,3
2021-11-02,Tracker,1
2021-11-02,Veteran,1
2021-11-06,Beggar,1
2021-11-06,Detective,2
2021-11-06,Doctor,1
2021-11-06,Drunk,1
2021-11-06,Good Boy,1
2021-11-06,Hypnotist,1
2021-11-06,Impersonator,2
2021-11-06,Innocent,6
2021-11-06,Killer Clown,1
2021-11-06,Mad Scientist,1
2021-11-06,Medium,3
2021-11-06,Old Man,1
2021-11-06,Paladin,1
2021-11-06,Parasite,5
2021-11-06,Phantom,5
2021-11-06,Revenger,4
2021-11-06,Summoner,4
2021-11-06,Swapper,1
2021-11-06,Veteran,1
2021-11-09,Deputy,1
2021-11-09,Detective,2
2021-11-09,Doctor,1
2021-11-09,Drunk,2
2021-11-09,Glitch,1
2021-11-09,Good Boy,1
2021-11-09,Hypnotist,1
2021-11-09,Innocent,5
2021-11-09,Jester,1
2021-11-09,Mad Scientist,1
2021-11-09,Medium,2
2021-11-09,Paladin,1
2021-11-09,Parasite,4
2021-11-09,Phantom,3
2021-11-09,Revenger,2
2021-11-09,Summoner,5
2021-11-09,Swapper,1
2021-11-09,Veteran,1
2021-11-13,Deputy,1
2021-11-13,Detective,2
2021-11-13,Glitch,3
2021-11-13,Good Boy,1
2021-11-13,Hypnotist,1
2021-11-13,Impersonator,1
2021-11-13,Innocent,4
2021-11-13,Killer Clown,1
2021-11-13,Mad Scientist,2
2021-11-13,Paladin,1
2021-11-13,Parasite,4
2021-11-13,Phantom,2
2021-11-13,Summoner,3
2021-11-13,Swapper,1
2021-11-13,Veteran,1
2021-11-16,Bee,1
2021-11-16,Deputy,1
2021-11-16,Detective,1
2021-11-16,Drunk,2
2021-11-16,Glitch,2
2021-11-16,Good Boy,2
2021-11-16,Hypnotist,2
2021-11-16,Innocent,5
2021-11-16,Jester,1
2021-11-16,Killer Clown,1
2021-11-16,Mad Scientist,1
2021-11-16,Medium,1
2021-11-16,Paladin,1
2021-11-16,Parasite,4
2021-11-16,Phantom,2
2021-11-16,Queen Bee,1
2021-11-16,Summoner,2
2021-11-16,Tracker,2
2021-11-16,Veteran,3
2021-11-20,Deputy,1
2021-11-20,Detective,2
2021-11-20,Glitch,1
2021-11-20,Good Boy,3
2021-11-20,Impersonator,1
2021-11-20,Innocent,5
2021-11-20,Killer Clown,1
2021-11-20,Mad Scientist,3
2021-11-20,Medium,1
2021-11-20,Paladin,1
2021-11-20,Parasite,5
2021-11-20,Phantom,2
2021-11-20,Summoner,4
2021-11-20,Swapper,1
2021-11-20,Tracker,1
2021-11-20,Veteran,3
2021-11-23,Beggar,1
2021-11-23,Deputy,2
2021-11-23,Detective,4
2021-11-23,Glitch,1
2021-11-23,Good Boy,2
2021-11-23,Hypnotist,3
2021-11-23,Impersonator,1
2021-11-23,Innocent,5
2021-11-23,Killer Clown,1
2021-11-23,Mad Scientist,2
2021-11-23,Medium,1
2021-11-23,Old Man,1
2021-11-23,Parasite,4
2021-11-23,Phantom,3
2021-11-23,Summoner,2
2021-11-23,Veteran,2
2021-11-27,Detective,3
2021-11-27,Drunk,1
2021-11-27,Glitch,2
2021-11-27,Good Boy,4
2021-11-27,Hypnotist,3
2021-11-27,Impersonator,1
2021-11-27,Innocent,6
2021-11-27,Jester,2
2021-11-27,Mad Scientist,1
2021-11-27,Old Man,2
2021-11-27,Parasite,3
2021-11-27,Phantom,5
2021-11-27,Summoner,5
2021-11-27,Tracker,3
2021-11-27,Veteran,1
2021-11-30,Deputy,1
2021-11-30,Detective,3
2021-11-30,Glitch,2
2021-11-30,Good Boy,3
2021-11-30,Hypnotist,1
2021-11-30,Impersonator,3
2021-11-30,Innocent,5
2021-11-30,Killer Clown,2
2021-11-30,Mad Scientist,2
2021-11-30,Medium,2
2021-11-30,Parasite,3
2021-11-30,Phantom,2
2021-11-30,Summoner,2
2021-11-30,Swapper,1
2021-11-30,Traitor,1
2021-11-30,Veteran,2
2021-12-16,Beggar,1
2021-12-16,Deputy,1
2021-12-16,Detective,3
2021-12-16,Dread Thrall,2
2021-12-16,Glitch,3
2021-12-16,Good Boy,1
2021-12-16,Impersonator,2
2021-12-16,Innocent,10
2021-12-16,Jester,2
2021-12-16,Killer Clown,1
2021-12-16,Paladin,1
2021-12-16,Parasite,4
2021-12-16,Phantom,2
2021-12-16,Summoner,2
2021-12-16,Swapper,1
2021-12-16,Tracker,1
2021-12-16,Veteran,3
2021-12-18,Dread Thrall,2
2021-12-18,Glitch,1
2021-12-18,Good Boy,2
2021-12-18,Hypnotist,2
2021-12-18,Impersonator,1
2021-12-18,Innocent,10
2021-12-18,Killer Clown,1
2021-12-18,Mad Scientist,2
2021-12-18,Medium,3
2021-12-18,Old Man,1
2021-12-18,Parasite,3
2021-12-18,Phantom,3
2021-12-18,Summoner,2
2021-12-18,Tracker,2
2021-12-18,Traitor,1
2021-12-18,Veteran,4
2021-12-21,Detective,2
2021-12-21,Dread Thrall,2
2021-12-21,Glitch,2
2021-12-21,Hypnotist,2
2021-12-21,Impersonator,2
2021-12-21,Innocent,8
2021-12-21,Jester,1
2021-12-21,Killer Clown,1
2021-12-21,Mad Scientist,1
2021-12-21,Medium,1
2021-12-21,Paladin,1
2021-12-21,Paramedic,2
2021-12-21,Parasite,1
2021-12-21,Phantom,3
2021-12-21,Swapper,1
2021-12-21,Traitor,1
2021-12-21,Veteran,1
2021-12-23,Detective,2
2021-12-23,Dread Thrall,2
2021-12-23,Glitch,2
2021-12-23,Innocent,4
2021-12-23,Jester,1
2021-12-23,Mad Scientist,3
2021-12-23,Parasite,4
2021-12-23,Phantom,3
2021-12-23,Summoner,2
2021-12-23,Tracker,2
2021-12-23,Veteran,3
2021-12-26,Deputy,1
2021-12-26,Detective,3
2021-12-26,Dread Thrall,2
2021-12-26,Glitch,3
2021-12-26,Hypnotist,1
2021-12-26,Impersonator,2
2021-12-26,Innocent,6
2021-12-26,Killer Clown,4
2021-12-26,Paladin,2
2021-12-26,Paramedic,2
2021-12-26,Parasite,3
2021-12-26,Phantom,4
2021-12-26,Summoner,5
2021-12-26,Swapper,1
2021-12-26,Tracker,1
2021-12-26,Veteran,2
2021-12-28,Detective,2
2021-12-28,Dread Thrall,1
2021-12-28,Glitch,1
2021-12-28,Impersonator,1
2021-12-28,Innocent,10
2021-12-28,Jester,1
2021-12-28,Killer Clown,1
2021-12-28,Mad Scientist,1
2021-12-28,Medium,1
2021-12-28,Paramedic,3
2021-12-28,Parasite,2
2021-12-28,Phantom,2
2021-12-28,Summoner,2
2021-12-30,Detective,1
2021-12-30,Drunk,1
2021-12-30,Glitch,3
2021-12-30,Good Boy,4
2021-12-30,Hypnotist,3
2021-12-30,Impersonator,4
2021-12-30,Innocent,5
2021-12-30,Killer Clown,1
2021-12-30,Mad Scientist,1
2021-12-30,Medium,2
2021-12-30,Paladin,1
2021-12-30,Parasite,2
2021-12-30,Phantom,1
2021-12-30,Summoner,2
2021-12-30,Swapper,1
2021-12-30,Tracker,1
2021-12-30,Veteran,2
2022-01-01,Beggar,1
2022-01-01,Detective,1
2022-01-01,Drunk,1
2022-01-01,Glitch,3
2022-01-01,Good Boy,2
2022-01-01,Hypnotist,1
2022-01-01,Impersonator,2
2022-01-01,Innocent,5
2022-01-01,Jester,1
2022-01-01,Killer Clown,1
2022-01-01,Mad Scientist,1
2022-01-01,Medium,1
2022-01-01,Parasite,3
2022-01-01,Phantom,3
2022-01-01,Summoner,4
2022-01-01,Tracker,3
2022-01-01,Veteran,2
2022-01-04,Detective,2
2022-01-04,Glitch,1
2022-01-04,Good Boy,4
2022-01-04,Hypnotist,2
2022-01-04,Impersonator,2
2022-01-04,Innocent,5
2022-01-04,Jester,1
2022-01-04,Killer Clown,1
2022-01-04,Mad Scientist,2
2022-01-04,Medium,1
2022-01-04,Old Man,1
2022-01-04,Paladin,2
2022-01-04,Parasite,3
2022-01-04,Phantom,3
2022-01-04,Summoner,3
2022-01-04,Veteran,2
2022-01-08,Beggar,2
2022-01-08,Deputy,1
2022-01-08,Detective,4
2022-01-08,Glitch,3
2022-01-08,Good Boy,2
2022-01-08,Hypnotist,1
2022-01-08,Impersonator,3
2022-01-08,Innocent,5
2022-01-08,Killer Clown,2
2022-01-08,Mad Scientist,1
2022-01-08,Medium,1
2022-01-08,Parasite,4
2022-01-08,Phantom,6
2022-01-08,Summoner,4
2022-01-08,Swapper,1
2022-01-08,Tracker,1
2022-01-08,Traitor,1
2022-01-15,Beggar,1
2022-01-15,Deputy,2
2022-01-15,Detective,1
2022-01-15,Dread Thrall,5
2022-01-15,Glitch,2
2022-01-15,Hypnotist,1
2022-01-15,Impersonator,1
2022-01-15,Innocent,5
2022-01-15,Jester,3
2022-01-15,Medium,1
2022-01-15,Old Man,1
2022-01-15,Paladin,1
2022-01-15,Paramedic,2
2022-01-15,Phantom,1
2022-01-15,Summoner,3
2022-01-15,Tracker,2
2022-01-15,Veteran,3
2022-01-18,Detective,1
2022-01-18,Dread Thrall,2
2022-01-18,Drunk,1
2022-01-18,Glitch,4
2022-01-18,Impersonator,3
2022-01-18,Innocent,5
2022-01-18,Jester,2
2022-01-18,Mad Scientist,1
2022-01-18,Medium,1
2022-01-18,Old Man,1
2022-01-18,Paladin,2
2022-01-18,Parasite,3
2022-01-18,Phantom,3
2022-01-18,Summoner,2
2022-01-18,Tracker,1
2022-01-18,Veteran,3
2022-01-22,Deputy,3
2022-01-22,Glitch,1
2022-01-22,Hypnotist,2
2022-01-22,Innocent,12
2022-01-22,Loot Goblin,3
2022-01-22,Paramedic,1
2022-01-22,Parasite,4
2022-01-22,Phantom,4
2022-01-22,Swapper,3
2022-01-22,Traitor,6
2022-01-22,Veteran,3
2022-01-25,Deputy,1
2022-01-25,Detective,2
2022-01-25,Glitch,2
2022-01-25,Hypnotist,3
2022-01-25,Innocent,5
2022-01-25,Jester,3
2022-01-25,Loot Goblin,1
2022-01-25,Medium,1
2022-01-25,Paladin,1
2022-01-25,Paramedic,2
2022-01-25,Parasite,2
2022-01-25,Possum,1
2022-01-25,Summoner,5
2022-01-25,Swapper,1
2022-01-25,Tracker,1
2022-01-25,Traitor,2
2022-01-25,Veteran,2
2022-02-01,Deputy,1
2022-02-01,Detective,3
2022-02-01,Hypnotist,2
2022-02-01,Impersonator,1
2022-02-01,Innocent,7
2022-02-01,Jester,2
2022-02-01,Killer Clown,1
2022-02-01,Paramedic,1
2022-02-01,Parasite,4
2022-02-01,Phantom,3
2022-02-01,Possum,4
2022-02-01,Summoner,3
2022-02-01,Swapper,3
2022-02-01,Tracker,1
2022-02-01,Traitor,2
2022-02-01,Veteran,4
2022-02-05,Deputy,4
2022-02-05,Detective,5
2022-02-05,Drunk,2
2022-02-05,Glitch,1
2022-02-05,Hypnotist,1
2022-02-05,Impersonator,2
2022-02-05,Innocent,10
2022-02-05,Killer Clown,2
2022-02-05,Loot Goblin,1
2022-02-05,Medium,1
2022-02-05,Parasite,2
2022-02-05,Phantom,1
2022-02-05,Summoner,2
2022-02-05,Swapper,1
2022-02-05,Traitor,5
2022-02-05,Veteran,2
2022-02-08,Deputy,1
2022-02-08,Detective,2
2022-02-08,Innocent,15
2022-02-08,Jester,1
2022-02-08,Killer Clown,1
2022-02-08,Loot Goblin,1
2022-02-08,Mad Scientist,2
2022-02-08,Medium,1
2022-02-08,Paladin,1
2022-02-08,Paramedic,1
2022-02-08,Parasite,4
2022-02-08,Phantom,6
2022-02-08,Summoner,2
2022-02-08,Tracker,1
2022-02-08,Traitor,8
2022-02-08,Veteran,2
2022-02-12,Detective,4
2022-02-12,Drunk,1
2022-02-12,Glitch,1
2022-02-12,Innocent,12
2022-02-12,Killer Clown,1
2022-02-12,Loot Goblin,3
2022-02-12,Paladin,2
2022-02-12,Paramedic,4
2022-02-12,Parasite,3
2022-02-12,Summoner,3
2022-02-12,Swapper,1
2022-02-12,Traitor,6
2022-02-12,Veteran,1
2022-02-15,Beggar,1
2022-02-15,Deputy,1
2022-02-15,Detective,3
2022-02-15,Drunk,1
2022-02-15,Glitch,1
2022-02-15,Hypnotist,1
2022-02-15,Innocent,10
2022-02-15,Jester,1
2022-02-15,Loot Goblin,2
2022-02-15,Paladin,2
2022-02-15,Paramedic,1
2022-02-15,Parasite,3
2022-02-15,Phantom,2
2022-02-15,Summoner,1
2022-02-15,Traitor,5
2022-02-19,Beggar,2
2022-02-19,Deputy,1
2022-02-19,Detective,2
2022-02-19,Drunk,3
2022-02-19,Glitch,1
2022-02-19,Hypnotist,1
2022-02-19,Innocent,12
2022-02-19,Jester,1
2022-02-19,Killer Clown,1
2022-02-19,Mad Scientist,1
2022-02-19,Medium,2
2022-02-19,Paramedic,1
2022-02-19,Parasite,3
2022-02-19,Summoner,2
2022-02-19,Swapper,1
2022-02-19,Tracker,3
2022-02-19,Traitor,8
2022-02-19,Veteran,4
2022-02-22,Detective,3
2022-02-22,Hypnotist,1
2022-02-22,Innocent,12
2022-02-22,Jester,2
2022-02-22,Killer Clown,2
2022-02-22,Mad Scientist,1
2022-02-22,Medium,1
2022-02-22,Paladin,1
2022-02-22,Paramedic,2
2022-02-22,Parasite,3
2022-02-22,Phantom,1
2022-02-22,Summoner,2
2022-02-22,Swapper,2
2022-02-22,Tracker,1
2022-02-22,Traitor,7
2022-02-22,Veteran,1
2022-02-26,Beggar,1
2022-02-26,Deputy,1
2022-02-26,Detective,2
2022-02-26,Drunk,1
2022-02-26,Glitch,2
2022-02-26,Hypnotist,1
2022-02-26,Innocent,9
2022-02-26,Jester,1
2022-02-26,Loot Goblin,1
2022-02-26,Mad Scientist,1
2022-02-26,Medium,2
2022-02-26,Parasite,2
2022-02-26,Santa,1
2022-02-26,Summoner,2
2022-02-26,Traitor,6
2022-02-26,Unknown,1
2022-02-26,Veteran,1
2022-03-01,Detective,3
2022-03-01,Glitch,2
2022-03-01,Innocent,11
2022-03-01,Jester,1
2022-03-01,Killer Clown,1
2022-03-01,Medium,1
2022-03-01,Phantom,2
2022-03-01,Randoman,1
2022-03-01,Summoner,3
2022-03-01,Swapper,1
2022-03-01,Traitor,8
2022-03-01,Veteran,1
2022-03-05,Deputy,1
2022-03-05,Detective,4
2022-03-05,Drunk,2
2022-03-05,Hypnotist,2
2022-03-05,Innocent,12
2022-03-05,Killer Clown,2
2022-03-05,Loot Goblin,1
2022-03-05,Mad Scientist,1
2022-03-05,Paladin,1
2022-03-05,Paramedic,1
2022-03-05,Parasite,2
2022-03-05,Phantom,2
2022-03-05,Randoman,1
2022-03-05,Summoner,2
2022-03-05,Traitor,6
2022-03-05,Veteran,2
2022-03-10,Detective,2
2022-03-10,Drunk,1
2022-03-10,Glitch,2
2022-03-10,Hypnotist,1
2022-03-10,Innocent,12
2022-03-10,Jester,1
2022-03-10,Killer Clown,1
2022-03-10,Loot Goblin,2
2022-03-10,Mad Scientist,1
2022-03-10,Parasite,2
2022-03-10,Phantom,1
2022-03-10,Randoman,3
2022-03-10,Summoner,3
2022-03-10,Tracker,1
2022-03-10,Traitor,6
2022-03-10,Veteran,3
2022-03-12,Detective,2
2022-03-12,Drunk,1
2022-03-12,Glitch,1
2022-03-12,Hypnotist,1
2022-03-12,Innocent,8
2022-03-12,Jester,1
2022-03-12,Mad Scientist,1
2022-03-12,Medium,1
2022-03-12,Parasite,1
2022-03-12,Phantom,2
2022-03-12,Summoner,2
2022-03-12,Swapper,1
2022-03-12,Tracker,1
2022-03-12,Traitor,4
2022-03-12,Veteran,1
2022-03-15,Detective,4
2022-03-15,Drunk,1
2022-03-15,Glitch,2
2022-03-15,Hypnotist,1
2022-03-15,Innocent,12
2022-03-15,Jester,1
2022-03-15,Killer Clown,1
2022-03-15,Loot Goblin,1
2022-03-15,Parasite,2
2022-03-15,Phantom,2
2022-03-15,Randoman,1
2022-03-15,Summoner,3
2022-03-15,Swapper,2
2022-03-15,Tracker,1
2022-03-15,Traitor,6
2022-03-15,Veteran,2
2022-03-19,Beggar,1
2022-03-19,Drunk,1
2022-03-19,Glitch,1
2022-03-19,Hypnotist,2
2022-03-19,Innocent,11
2022-03-19,Jester,1
2022-03-19,Loot Goblin,1
2022-03-19,Medium,1
2022-03-19,Paladin,1
2022-03-19,Parasite,1
2022-03-19,Randoman,2
2022-03-19,Summoner,1
2022-03-19,Tracker,1
2022-03-19,Traitor,6
2022-03-19,Veteran,4
2022-03-22,Drunk,3
2022-03-22,Innocent,9
2022-03-22,Killer Clown,1
2022-03-22,Medium,2
2022-03-22,Parasite,3
2022-03-22,Randoman,1
2022-03-22,Summoner,1
2022-03-22,Tracker,1
2022-03-22,Traitor,3
2022-03-22,Veteran,4
2022-03-26,Drunk,1
2022-03-26,Glitch,2
2022-03-26,Impersonator,1
2022-03-26,Innocent,8
2022-03-26,Killer Clown,1
2022-03-26,Paladin,1
2022-03-26,Summoner,2
2022-03-26,Tracker,1
2022-03-26,Traitor,4
2022-03-29,Beggar,2
2022-03-29,Drunk,1
2022-03-29,Glitch,5
2022-03-29,Hypnotist,1
2022-03-29,Innocent,14
2022-03-29,Jester,1
2022-03-29,Killer Clown,3
2022-03-29,Medium,3
2022-03-29,Paramedic,1
2022-03-29,Parasite,5
2022-03-29,Randoman,1
2022-03-29,Summoner,1
2022-03-29,Tracker,3
2022-03-29,Traitor,7
2022-03-29,Veteran,1
2022-04-02,Glitch,1
2022-04-02,Hypnotist,2
2022-04-02,Impersonator,1
2022-04-02,Innocent,8
2022-04-02,Jester,1
2022-04-02,Mad Scientist,2
2022-04-02,Medium,1
2022-04-02,Paladin,2
2022-04-02,Paramedic,1
2022-04-02,Parasite,1
2022-04-02,Swapper,1
2022-04-02,Tracker,1
2022-04-02,Traitor,4
2022-04-02,Veteran,2
2022-04-05,Detective,7
2022-04-05,Innocent,25
2022-04-05,Jester,5
2022-04-05,Traitor,12
2022-04-09,Deputy,1
2022-04-09,Impersonator,2
2022-04-09,Innocent,9
2022-04-09,Jester,1
2022-04-09,Killer Clown,1
2022-04-09,Medium,2
2022-04-09,Paramedic,2
2022-04-09,Parasite,2
2022-04-09,Randoman,1
2022-04-09,Swapper,1
2022-04-09,Tracker,1
2022-04-09,Traitor,4
2022-04-09,Veteran,1
2022-04-12,Glitch,2
2022-04-12,Innocent,11
2022-04-12,Jester,2
2022-04-12,Medium,1
2022-04-12,Paladin,3
2022-04-12,Paramedic,1
2022-04-12,Parasite,3
2022-04-12,Randoman,1
2022-04-12,Summoner,2
2022-04-12,Swapper,2
2022-04-12,Traitor,5
2022-04-12,Veteran,2
2022-04-16,Deputy,1
2022-04-16,Glitch,4
2022-04-16,Impersonator,1
2022-04-16,Innocent,12
2022-04-16,Jester,3
2022-04-16,Killer Clown,1
2022-04-16,Loot Goblin,1
2022-04-16,Mad Scientist,1
2022-04-16,Medium,1
2022-04-16,Paladin,1
2022-04-16,Parasite,1
2022-04-16,Summoner,4
2022-04-16,Swapper,1
2022-04-16,Tracker,3
2022-04-16,Traitor,6
2022-04-16,Veteran,1
2022-04-19,Beggar,1
2022-04-19,Glitch,5
2022-04-19,Innocent,14
2022-04-19,Killer Clown,1
2022-04-19,Mad Scientist,3
2022-04-19,Medium,3
2022-04-19,Paladin,1
2022-04-19,Parasite,1
2022-04-19,Summoner,4
2022-04-19,Tracker,2
2022-04-19,Traitor,7
2022-04-23,Beggar,1
2022-04-23,Deputy,1
2022-04-23,Drunk,3
2022-04-23,Glitch,2
2022-04-23,Innocent,11
2022-04-23,Jester,1
2022-04-23,Killer Clown,1
2022-04-23,Loot Goblin,1
2022-04-23,Mad Scientist,2
2022-04-23,Medium,1
2022-04-23,Paladin,4
2022-04-23,Paramedic,1
2022-04-23,Parasite,1
2022-04-23,Summoner,4
2022-04-23,Traitor,5
2022-04-23,Veteran,1
2022-04-26,Beggar,1
2022-04-26,Drunk,3
2022-04-26,Glitch,2
2022-04-26,Hypnotist,1
2022-04-26,Impersonator,1
2022-04-26,Innocent,11
2022-04-26,Killer Clown,1
2022-04-26,Loot Goblin,2
2022-04-26,Mad Scientist,1
2022-04-26,Medium,1
2022-04-26,Paladin,3
2022-04-26,Paramedic,1
2022-04-26,Parasite,1
2022-04-26,Summoner,2
2022-04-26,Swapper,1
2022-04-26,Traitor,6
2022-04-26,Veteran,2
2022-04-30,Beggar,1
2022-04-30,Deputy,2
2022-04-30,Drunk,1
2022-04-30,Glitch,3
2022-04-30,Innocent,18
2022-04-30,Jester,1
2022-04-30,Killer Clown,2
2022-04-30,Loot Goblin,1
2022-04-30,Mad Scientist,4
2022-04-30,Medium,1
2022-04-30,Paladin,3
2022-04-30,Parasite,5
2022-04-30,Summoner,1
2022-04-30,Swapper,1
2022-04-30,Tracker,3
2022-04-30,Traitor,8
2022-04-30,Veteran,1
2022-05-03,Deputy,2
2022-05-03,Drunk,2
2022-05-03,Glitch,5
2022-05-03,Impersonator,2
2022-05-03,Innocent,15
2022-05-03,Jester,1
2022-05-03,Killer Clown,2
2022-05-03,Loot Goblin,1
2022-05-03,Mad Scientist,3
2022-05-03,Medium,4
2022-05-03,Paladin,1
2022-05-03,Parasite,2
2022-05-03,Summoner,2
2022-05-03,Swapper,2
2022-05-03,Tracker,2
2022-05-03,Traitor,9
2022-05-03,Veteran,1
2022-05-07,Beggar,1
2022-05-07,Deputy,2
2022-05-07,Drunk,4
2022-05-07,Glitch,1
2022-05-07,Hypnotist,1
2022-05-07,Impersonator,2
2022-05-07,Innocent,14
2022-05-07,Jester,2
2022-05-07,Killer Clown,3
2022-05-07,Loot Goblin,1
2022-05-07,Mad Scientist,3
2022-05-07,Medium,2
2022-05-07,Paladin,2
2022-05-07,Parasite,2
2022-05-07,Summoner,2
2022-05-07,Tracker,3
2022-05-07,Traitor,7
2022-05-07,Veteran,4
2022-05-10,Beggar,1
2022-05-10,Deputy,1
2022-05-10,Glitch,2
2022-05-10,Hypnotist,2
2022-05-10,Innocent,12
2022-05-10,Jester,1
2022-05-10,Killer Clown,2
2022-05-10,Mad Scientist,6
2022-05-10,Medium,2
2022-05-10,Paladin,2
2022-05-10,Parasite,2
2022-05-10,Summoner,2
2022-05-10,Swapper,2
2022-05-10,Tracker,2
2022-05-10,Traitor,6
2022-05-10,Veteran,3
2022-05-14,Beggar,1
2022-05-14,Deputy,1
2022-05-14,Detective,1
2022-05-14,Drunk,1
2022-05-14,Hypnotist,1
2022-05-14,Innocent,22
2022-05-14,Jester,1
2022-05-14,Killer Clown,1
2022-05-14,Mad Scientist,5
2022-05-14,Medium,1
2022-05-14,Paladin,1
2022-05-14,Paramedic,2
2022-05-14,Parasite,2
2022-05-14,Summoner,2
2022-05-14,Swapper,2
2022-05-14,Tracker,3
2022-05-14,Traitor,7
2022-05-14,Veteran,2
2022-05-17,Drunk,1
2022-05-17,Glitch,1
2022-05-17,Hypnotist,1
2022-05-17,Impersonator,1
2022-05-17,Innocent,9
2022-05-17,Jester,2
2022-05-17,Killer Clown,1
2022-05-17,Mad Scientist,2
2022-05-17,Medium,1
2022-05-17,Paladin,1
2022-05-17,Parasite,1
2022-05-17,Summoner,1
2022-05-17,Swapper,1
2022-05-17,Tracker,2
2022-05-17,Traitor,4
2022-05-17,Veteran,3
2022-05-21,Beggar,1
2022-05-21,Detective,1
2022-05-21,Drunk,1
2022-05-21,Glitch,3
2022-05-21,Innocent,11
2022-05-21,Killer Clown,1
2022-05-21,Medium,1
2022-05-21,Paladin,1
2022-05-21,Parasite,2
2022-05-21,Traitor,8
2022-05-21,Veteran,2
2022-05-24,Beggar,2
2022-05-24,Detective,1
2022-05-24,Glitch,3
2022-05-24,Impersonator,1
2022-05-24,Innocent,15
2022-05-24,Jester,1
2022-05-24,Medium,1
2022-05-24,Paladin,3
2022-05-24,Parasite,3
2022-05-24,Swapper,1
2022-05-24,Tracker,1
2022-05-24,Traitor,8
2022-05-24,Veteran,2
2022-05-28,Deputy,1
2022-05-28,Glitch,5
2022-05-28,Hypnotist,3
2022-05-28,Innocent,20
2022-05-28,Jester,1
2022-05-28,Killer Clown,2
2022-05-28,Loot Goblin,2
2022-05-28,Mad Scientist,2
2022-05-28,Medium,4
2022-05-28,Paladin,4
2022-05-28,Paramedic,1
2022-05-28,Parasite,2
2022-05-28,Summoner,3
2022-05-28,Swapper,1
2022-05-28,Tracker,1
2022-05-28,Traitor,10
2022-05-28,Veteran,1
2022-05-31,Drunk,1
2022-05-31,Glitch,1
2022-05-31,Innocent,10
2022-05-31,Jester,1
2022-05-31,Mad Scientist,1
2022-05-31,Medium,1
2022-05-31,Paladin,3
2022-05-31,Paramedic,1
2022-05-31,Parasite,4
2022-05-31,Summoner,1
2022-05-31,Swapper,2
2022-05-31,Tracker,1
2022-05-31,Traitor,5
2022-05-31,Veteran,3
2022-06-04,Beggar,1
2022-06-04,Deputy,2
2022-06-04,Glitch,2
2022-06-04,Innocent,12
2022-06-04,Jester,1
2022-06-04,Killer Clown,3
2022-06-04,Loot Goblin,1
2022-06-04,Mad Scientist,5
2022-06-04,Medium,3
2022-06-04,Parasite,6
2022-06-04,Randoman,2
2022-06-04,Tracker,1
2022-06-04,Traitor,6
2022-06-04,Veteran,3
2022-06-07,Beggar,1
2022-06-07,Drunk,1
2022-06-07,Glitch,2
2022-06-07,Hypnotist,1
2022-06-07,Impersonator,2
2022-06-07,Innocent,14
2022-06-07,Killer Clown,1
2022-06-07,Mad Scientist,1
2022-06-07,Medium,1
2022-06-07,Paladin,2
2022-06-07,Parasite,2
2022-06-07,Randoman,2
2022-06-07,Summoner,1
2022-06-07,Swapper,1
2022-06-07,Tracker,1
2022-06-07,Traitor,5
2022-06-07,Veteran,4
2022-06-11,Beggar,1
2022-06-11,Drunk,2
2022-06-11,Glitch,2
2022-06-11,Hypnotist,1
2022-06-11,Impersonator,1
2022-06-11,Innocent,16
2022-06-11,Jester,2
2022-06-11,Killer Clown,2
2022-06-11,Mad Scientist,3
2022-06-11,Medium,2
2022-06-11,Paladin,1
2022-06-11,Paramedic,1
2022-06-11,Randoman,1
2022-06-11,Summoner,3
2022-06-11,Tracker,1
2022-06-11,Traitor,7
2022-06-11,Veteran,2
2022-06-14,Beggar,1
2022-06-14,Deputy,4
2022-06-14,Drunk,1
2022-06-14,Glitch,1
2022-06-14,Hypnotist,1
2022-06-14,Impersonator,4
2022-06-14,Innocent,12
2022-06-14,Killer Clown,2
2022-06-14,Loot Goblin,2
2022-06-14,Medium,1
2022-06-14,Paramedic,1
2022-06-14,Parasite,1
2022-06-14,Randoman,6
2022-06-14,Summoner,1
2022-06-14,Swapper,1
2022-06-14,Traitor,7
2022-06-14,Veteran,3
2022-06-18,Glitch,2
2022-06-18,Impersonator,1
2022-06-18,Innocent,13
2022-06-18,Jester,2
2022-06-18,Killer Clown,1
2022-06-18,Loot Goblin,1
2022-06-18,Mad Scientist,1
2022-06-18,Medium,2
2022-06-18,Paladin,2
2022-06-18,Parasite,3
2022-06-18,Randoman,2
2022-06-18,Summoner,2
2022-06-18,Traitor,6
2022-06-18,Veteran,4
2022-06-21,Deputy,1
2022-06-21,Hypnotist,2
2022-06-21,Innocent,12
2022-06-21,Jester,1
2022-06-21,Killer Clown,2
2022-06-21,Loot Goblin,1
2022-06-21,Mad Scientist,1
2022-06-21,Medium,1
2022-06-21,Paladin,1
2022-06-21,Paramedic,1
2022-06-21,Parasite,2
2022-06-21,Randoman,3
2022-06-21,Summoner,2
2022-06-21,Swapper,1
2022-06-21,Tracker,1
2022-06-21,Traitor,7
2022-06-21,Veteran,3
2022-06-25,Glitch,1
2022-06-25,Hypnotist,1
2022-06-25,Innocent,10
2022-06-25,Jester,1
2022-06-25,Mad Scientist,1
2022-06-25,Medium,3
2022-06-25,Paladin,2
2022-06-25,Paramedic,1
2022-06-25,Parasite,3
2022-06-25,Summoner,1
2022-06-25,Swapper,3
2022-06-25,Traitor,5
2022-06-25,Veteran,3
2022-06-28,Beggar,1
2022-06-28,Deputy,1
2022-06-28,Drunk,1
2022-06-28,Glitch,3
2022-06-28,Hypnotist,1
2022-06-28,Impersonator,2
2022-06-28,Innocent,12
2022-06-28,Jester,1
2022-06-28,Killer Clown,1
2022-06-28,Loot Goblin,3
2022-06-28,Mad Scientist,4
2022-06-28,Medium,4
2022-06-28,Paladin,1
2022-06-28,Paramedic,1
2022-06-28,Parasite,2
2022-06-28,Randoman,1
2022-06-28,Summoner,1
2022-06-28,Traitor,6
2022-06-28,Veteran,2
2022-07-02,Drunk,2
2022-07-02,Glitch,1
2022-07-02,Hypnotist,1
2022-07-02,Innocent,9
2022-07-02,Killer Clown,1
2022-07-02,Loot Goblin,1
2022-07-02,Mad Scientist,2
2022-07-02,Medium,3
2022-07-02,Parasite,2
2022-07-02,Randoman,1
2022-07-02,Summoner,1
2022-07-02,Swapper,2
2022-07-02,Traitor,4
2022-07-02,Veteran,2
2022-07-05,Beggar,1
2022-07-05,Drunk,2
2022-07-05,Glitch,2
2022-07-05,Impersonator,1
2022-07-05,Innocent,15
2022-07-05,Killer Clown,2
2022-07-05,Mad Scientist,1
2022-07-05,Medium,1
2022-07-05,Paladin,1
2022-07-05,Paramedic,1
2022-07-05,Parasite,2
2022-07-05,Tracker,2
2022-07-05,Traitor,8
2022-07-05,Veteran,1
2022-07-09,Beggar,1
2022-07-09,Drunk,2
2022-07-09,Glitch,8
2022-07-09,Innocent,12
2022-07-09,Medium,1
2022-07-09,Paladin,2
2022-07-09,Paramedic,1
2022-07-09,Parasite,2
2022-07-09,Randoman,1
2022-07-09,Summoner,3
2022-07-09,Swapper,2
2022-07-09,Tracker,1
2022-07-09,Traitor,5
2022-07-09,Veteran,1
2022-07-12,Beggar,3
2022-07-12,Deputy,1
2022-07-12,Drunk,1
2022-07-12,Glitch,9
2022-07-12,Hypnotist,2
2022-07-12,Innocent,22
2022-07-12,Jester,1
2022-07-12,Killer Clown,2
2022-07-12,Medium,3
2022-07-12,Paladin,2
2022-07-12,Paramedic,2
2022-07-12,Parasite,2
2022-07-12,Randoman,1
2022-07-12,Summoner,4
2022-07-12,Swapper,2
2022-07-12,Tracker,4
2022-07-12,Traitor,14
2022-07-12,Veteran,2
2022-07-16,Beggar,1
2022-07-16,Deputy,2
2022-07-16,Drunk,2
2022-07-16,Glitch,2
2022-07-16,Hypnotist,1
2022-07-16,Impersonator,1
2022-07-16,Innocent,13
2022-07-16,Jester,1
2022-07-16,Loot Goblin,1
2022-07-16,Paladin,3
2022-07-16,Parasite,2
2022-07-16,Randoman,3
2022-07-16,Summoner,2
2022-07-16,Swapper,1
2022-07-16,Traitor,6
2022-07-16,Veteran,1
2022-07-19,Deputy,1
2022-07-19,Drunk,2
2022-07-19,Glitch,1
2022-07-19,Hypnotist,1
2022-07-19,Innocent,9
2022-07-19,Jester,1
2022-07-19,Killer Clown,2
2022-07-19,Medium,2
2022-07-19,Paladin,1
2022-07-19,Paramedic,1
2022-07-19,Parasite,2
2022-07-19,Randoman,2
2022-07-19,Summoner,2
2022-07-19,Swapper,1
2022-07-19,Traitor,5
2022-07-19,Veteran,2
2022-07-23,Beggar,2
2022-07-23,Deputy,1
2022-07-23,Glitch,2
2022-07-23,Impersonator,2
2022-07-23,Innocent,10
2022-07-23,Jester,3
2022-07-23,Medium,2
2022-07-23,Paladin,3
2022-07-23,Parasite,2
2022-07-23,Summoner,1
2022-07-23,Traitor,5
2022-07-23,Veteran,2
2022-07-26,Beggar,3
2022-07-26,Drunk,1
2022-07-26,Glitch,1
2022-07-26,Hypnotist,1
2022-07-26,Impersonator,1
2022-07-26,Innocent,14
2022-07-26,Killer Clown,1
2022-07-26,Medium,2
2022-07-26,Paladin,2
2022-07-26,Paramedic,2
2022-07-26,Parasite,1
2022-07-26,Randoman,1
2022-07-26,Summoner,2
2022-07-26,Tracker,1
2022-07-26,Traitor,7
2022-07-26,Veteran,2
2022-07-30,Drunk,1
2022-07-30,Glitch,2
2022-07-30,Hypnotist,2
2022-07-30,Impersonator,1
2022-07-30,Innocent,9
2022-07-30,Killer Clown,1
2022-07-30,Loot Goblin,2
2022-07-30,Mad Scientist,1
2022-07-30,Medium,2
2022-07-30,Paladin,3
2022-07-30,Paramedic,1
2022-07-30,Parasite,1
2022-07-30,Summoner,1
2022-07-30,Traitor,6
2022-07-30,Turncoat,1
2022-07-30,Veteran,1
2022-08-02,Glitch,1
2022-08-02,Impersonator,3
2022-08-02,Innocent,10
2022-08-02,Jester,1
2022-08-02,Killer Clown,1
2022-08-02,Mad Scientist,3
2022-08-02,Medium,1
2022-08-02,Paladin,1
2022-08-02,Paramedic,1
2022-08-02,Parasite,2
2022-08-02,Randoman,2
2022-08-02,Tracker,1
2022-08-02,Traitor,5
2022-08-02,Turncoat,1
2022-08-02,Veteran,2
2022-08-09,Drunk,2
2022-08-09,Glitch,1
2022-08-09,Hypnotist,1
2022-08-09,Informant,1
2022-08-09,Innocent,8
2022-08-09,Killer Clown,1
2022-08-09,Loot Goblin,1
2022-08-09,Mad Scientist,1
2022-08-09,Parasite,1
2022-08-09,Randoman,2
2022-08-09,Summoner,1
2022-08-09,Swapper,2
2022-08-09,Tracker,2
2022-08-09,Traitor,4
2022-08-09,Turncoat,2
2022-08-09,Veteran,2
2022-08-13,Beggar,2
2022-08-13,Deputy,3
2022-08-13,Drunk,6
2022-08-13,Glitch,3
2022-08-13,Hypnotist,1
2022-08-13,Informant,1
2022-08-13,Innocent,24
2022-08-13,Jester,3
2022-08-13,Loot Goblin,1
2022-08-13,Mad Scientist,1
2022-08-13,Medium,3
2022-08-13,Paladin,3
2022-08-13,Parasite,4
2022-08-13,Summoner,1
2022-08-13,Swapper,1
2022-08-13,Tracker,2
2022-08-13,Traitor,12
2022-08-13,Veteran,1
2022-08-20,Beggar,1
2022-08-20,Drunk,4
2022-08-20,Glitch,2
2022-08-20,Informant,2
2022-08-20,Innocent,12
2022-08-20,Jester,4
2022-08-20,Loot Goblin,1
2022-08-20,Mad Scientist,2
2022-08-20,Paladin,2
2022-08-20,Paramedic,1
2022-08-20,Parasite,2
2022-08-20,Randoman,4
2022-08-20,Summoner,2
2022-08-20,Traitor,6
2022-08-20,Turncoat,2
2022-08-20,Veteran,1
2022-08-23,Beggar,2
2022-08-23,Drunk,1
2022-08-23,Glitch,1
2022-08-23,Hypnotist,1
2022-08-23,Impersonator,2
2022-08-23,Informant,1
2022-08-23,Innocent,13
2022-08-23,Jester,1
2022-08-23,Loot Goblin,1
2022-08-23,Mad Scientist,3
2022-08-23,Medium,1
2022-08-23,Paladin,1
2022-08-23,Paramedic,3
2022-08-23,Parasite,1
2022-08-23,Randoman,3
2022-08-23,Summoner,1
2022-08-23,Swapper,1
2022-08-23,Tracker,1
2022-08-23,Traitor,8
2022-08-23,Turncoat,1
2022-08-23,Veteran,1
2022-08-27,Bee,1
2022-08-27,Beggar,3
2022-08-27,Deputy,1
2022-08-27,Drunk,4
2022-08-27,Glitch,4
2022-08-27,Hypnotist,1
2022-08-27,Informant,1
2022-08-27,Innocent,14
2022-08-27,Jester,2
2022-08-27,Killer Clown,1
2022-08-27,Mad Scientist,3
2022-08-27,Medium,3
2022-08-27,Parasite,3
2022-08-27,Queen Bee,1
2022-08-27,Randoman,1
2022-08-27,Summoner,1
2022-08-27,Swapper,1
2022-08-27,Tracker,3
2022-08-27,Traitor,6
2022-08-27,Turncoat,1
2022-08-27,Veteran,1
2022-09-03,Beggar,1
2022-09-03,Detective,1
2022-09-03,Drunk,1
2022-09-03,Hypnotist,1
2022-09-03,Impersonator,1
2022-09-03,Informant,3
2022-09-03,Innocent,10
2022-09-03,Jester,3
2022-09-03,Mad Scientist,3
2022-09-03,Medium,1
2022-09-03,Paladin,1
2022-09-03,Paramedic,2
2022-09-03,Randoman,1
2022-09-03,Swapper,1
2022-09-03,Tracker,1
2022-09-03,Traitor,5
2022-09-03,Turncoat,3
2022-09-03,Veteran,1
2022-09-10,Deputy,3
2022-09-10,Drunk,1
2022-09-10,Glitch,1
2022-09-10,Hypnotist,1
2022-09-10,Impersonator,1
2022-09-10,Informant,3
2022-09-10,Innocent,16
2022-09-10,Jester,4
2022-09-10,Killer Clown,1
2022-09-10,Loot Goblin,1
2022-09-10,Medium,3
2022-09-10,Paladin,2
2022-09-10,Parasite,2
2022-09-10,Randoman,1
2022-09-10,Summoner,1
2022-09-10,Swapper,1
2022-09-10,Tracker,2
2022-09-10,Traitor,8
2022-09-10,Turncoat,3
2022-09-10,Veteran,1
2022-09-17,Beggar,1
2022-09-17,Deputy,1
2022-09-17,Glitch,2
2022-09-17,Informant,1
2022-09-17,Innocent,11
2022-09-17,Jester,1
2022-09-17,Killer Clown,1
2022-09-17,Mad Scientist,1
2022-09-17,Medium,1
2022-09-17,Paladin,2
2022-09-17,Parasite,1
2022-09-17,Summoner,2
2022-09-17,Tracker,2
2022-09-17,Traitor,6
2022-09-17,Turncoat,2
2022-09-20,Beggar,1
2022-09-20,Deputy,3
2022-09-20,Glitch,2
2022-09-20,Impersonator,2
2022-09-20,Informant,1
2022-09-20,Innocent,6
2022-09-20,Killer Clown,1
2022-09-20,Loot Goblin,1
2022-09-20,Mad Scientist,1
2022-09-20,Medium,1
2022-09-20,Paladin,1
2022-09-20,Parasite,2
2022-09-20,Tracker,2
2022-09-20,Traitor,3
2022-09-20,Turncoat,1
2022-09-24,Deputy,1
2022-09-24,Glitch,1
2022-09-24,Impersonator,1
2022-09-24,Informant,1
2022-09-24,Innocent,12
2022-09-24,Jester,1
2022-09-24,Loot Goblin,1
2022-09-24,Mad Scientist,2
2022-09-24,Paladin,2
2022-09-24,Paramedic,2
2022-09-24,Parasite,1
2022-09-24,Randoman,3
2022-09-24,Summoner,3
2022-09-24,Swapper,2
2022-09-24,Tracker,1
2022-09-24,Traitor,6
2022-09-24,Turncoat,1
2022-09-24,Veteran,1
2022-09-27,Deputy,2
2022-09-27,Glitch,1
2022-09-27,Informant,2
2022-09-27,Innocent,12
2022-09-27,Jester,1
2022-09-27,Killer Clown,2
2022-09-27,Loot Goblin,2
2022-09-27,Mad Scientist,1
2022-09-27,Medium,1
2022-09-27,Paladin,2
2022-09-27,Randoman,1
2022-09-27,Summoner,4
2022-09-27,Tracker,2
2022-09-27,Traitor,6
2022-09-27,Turncoat,2
2022-09-27,Veteran,1
2022-10-01,Beggar,1
2022-10-01,Deputy,2
2022-10-01,Glitch,1
2022-10-01,Hypnotist,1
2022-10-01,Informant,2
2022-10-01,Innocent,10
2022-10-01,Jester,1
2022-10-01,Loot Goblin,3
2022-10-01,Paladin,1
2022-10-01,Parasite,2
2022-10-01,Randoman,2
2022-10-01,Tracker,2
2022-10-01,Traitor,5
2022-10-01,Turncoat,1
2022-10-01,Veteran,1
2022-10-04,Deputy,2
2022-10-04,Glitch,2
2022-10-04,Hypnotist,2
2022-10-04,Informant,2
2022-10-04,Innocent,10
2022-10-04,Jester,1
2022-10-04,Mad Scientist,1
2022-10-04,Paladin,1
2022-10-04,Randoman,2
2022-10-04,Tracker,1
2022-10-04,Traitor,4
2022-10-08,Drunk,1
2022-10-08,Glitch,2
2022-10-08,Hypnotist,1
2022-10-08,Informant,1
2022-10-08,Innocent,11
2022-10-08,Jester,1
2022-10-08,Loot Goblin,1
2022-10-08,Mad Scientist,1
2022-10-08,Medium,1
2022-10-08,Paramedic,1
2022-10-08,Parasite,2
2022-10-08,Randoman,2
2022-10-08,Summoner,1
2022-10-08,Tracker,2
2022-10-08,Traitor,5
2022-10-08,Turncoat,1
2022-10-08,Veteran,1
2022-10-11,Beggar,1
2022-10-11,Drunk,1
2022-10-11,Glitch,1
2022-10-11,Hypnotist,2
2022-10-11,Innocent,8
2022-10-11,Jester,1
2022-10-11,Killer Clown,1
2022-10-11,Randoman,1
2022-10-11,Summoner,1
2022-10-11,Tracker,3
2022-10-11,Traitor,5
2022-10-11,Turncoat,1
2022-10-11,Veteran,2
2022-10-15,Beggar,1
2022-10-15,Glitch,2
2022-10-15,Informant,5
2022-10-15,Innocent,14
2022-10-15,Jester,3
2022-10-15,Loot Goblin,1
2022-10-15,Medium,1
2022-10-15,Paladin,2
2022-10-15,Paramedic,3
2022-10-15,Parasite,1
2022-10-15,Randoman,1
2022-10-15,Summoner,1
2022-10-15,Swapper,2
2022-10-15,Tracker,3
2022-10-15,Traitor,7
2022-10-15,Turncoat,2
2022-10-18,Bee,2
2022-10-18,Deputy,2
2022-10-18,Glitch,2
2022-10-18,Informant,1
2022-10-18,Innocent,13
2022-10-18,Loot Goblin,2
2022-10-18,Paladin,1
2022-10-18,Parasite,1
2022-10-18,Randoman,1
2022-10-18,Summoner,1
2022-10-18,Swapper,2
2022-10-18,Tracker,2
2022-10-18,Traitor,5
2022-10-22,Beggar,1
2022-10-22,Deputy,1
2022-10-22,Drunk,3
2022-10-22,Glitch,2
2022-10-22,Hypnotist,2
2022-10-22,Informant,3
2022-10-22,Innocent,15
2022-10-22,Jester,5
2022-10-22,Loot Goblin,1
2022-10-22,Mad Scientist,2
2022-10-22,Medium,2
2022-10-22,Paladin,3
2022-10-22,Paramedic,1
2022-10-22,Parasite,3
2022-10-22,Randoman,2
2022-10-22,Traitor,7
2022-10-22,Turncoat,2
2022-10-22,Veteran,1
2022-10-25,Beggar,1
2022-10-25,Drunk,1
2022-10-25,Glitch,1
2022-10-25,Impersonator,1
2022-10-25,Informant,1
2022-10-25,Innocent,10
2022-10-25,Jester,2
2022-10-25,Medium,1
2022-10-25,Paladin,3
2022-10-25,Parasite,2
2022-10-25,Randoman,1
2022-10-25,Summoner,1
2022-10-25,Swapper,1
2022-10-25,Traitor,5
2022-10-25,Turncoat,3
2022-10-25,Veteran,1
2022-10-29,Drunk,1
2022-10-29,Hypnotist,1
2022-10-29,Informant,2
2022-10-29,Innocent,13
2022-10-29,Jester,5
2022-10-29,Mad Scientist,5
2022-10-29,Medium,1
2022-10-29,Paramedic,1
2022-10-29,Parasite,2
2022-10-29,Randoman,2
2022-10-29,Summoner,1
2022-10-29,Tracker,3
2022-10-29,Traitor,6
2022-10-29,Turncoat,2
2022-10-29,Veteran,3
2022-11-01,Beggar,1
2022-11-01,Drunk,1
2022-11-01,Glitch,3
2022-11-01,Informant,1
2022-11-01,Innocent,19
2022-11-01,Loot Goblin,1
2022-11-01,Mad Scientist,2
2022-11-01,Paramedic,1
2022-11-01,Parasite,1
2022-11-01,Randoman,2
2022-11-01,Summoner,4
2022-11-01,Swapper,1
2022-11-01,Tracker,3
2022-11-01,Traitor,6
2022-11-01,Turncoat,1
2022-11-01,Veteran,1
2022-11-05,Beggar,1
2022-11-05,Deputy,1
2022-11-05,Drunk,4
2022-11-05,Glitch,2
2022-11-05,Hypnotist,1
2022-11-05,Impersonator,3
2022-11-05,Informant,1
2022-11-05,Innocent,12
2022-11-05,Jester,4
2022-11-05,Mad Scientist,2
2022-11-05,Randoman,3
2022-11-05,Summoner,1
2022-11-05,Swapper,1
2022-11-05,Tracker,3
2022-11-05,Traitor,6
2022-11-05,Turncoat,2
2022-11-05,Veteran,1
2022-11-08,Deputy,1
2022-11-08,Drunk,1
2022-11-08,Hypnotist,2
2022-11-08,Impersonator,1
2022-11-08,Informant,1
2022-11-08,Innocent,14
2022-11-08,Jester,1
2022-11-08,Killer Clown,1
2022-11-08,Mad Scientist,2
2022-11-08,Medium,1
2022-11-08,Paladin,4
2022-11-08,Parasite,1
2022-11-08,Randoman,1
2022-11-08,Summoner,2
2022-11-08,Swapper,2
2022-11-08,Tracker,1
2022-11-08,Traitor,7
2022-11-08,Turncoat,3
2022-11-08,Veteran,3
2022-11-12,Beggar,1
2022-11-12,Deputy,1
2022-11-12,Drunk,1
2022-11-12,Glitch,1
2022-11-12,Innocent,8
2022-11-12,Jester,1
2022-11-12,Loot Goblin,1
2022-11-12,Medium,1
2022-11-12,Paramedic,1
2022-11-12,Parasite,1
2022-11-12,Summoner,3
2022-11-12,Tracker,3
2022-11-12,Traitor,4
2022-11-12,Veteran,1
2022-11-15,Beggar,1
2022-11-15,Drunk,2
2022-11-15,Glitch,1
2022-11-15,Impersonator,1
2022-11-15,Informant,1
2022-11-15,Innocent,11
2022-11-15,Jester,1
2022-11-15,Loot Goblin,3
2022-11-15,Mad Scientist,3
2022-11-15,Medium,1
2022-11-15,Parasite,1
2022-11-15,Randoman,2
2022-11-15,Summoner,2
2022-11-15,Tracker,2
2022-11-15,Traitor,4
2022-11-15,Turncoat,2
2022-11-15,Veteran,2
2022-11-19,Beggar,1
2022-11-19,Deputy,1
2022-11-19,Drunk,1
2022-11-19,Hypnotist,1
2022-11-19,Impersonator,2
2022-11-19,Informant,1
2022-11-19,Innocent,12
2022-11-19,Killer Clown,1
2022-11-19,Loot Goblin,1
2022-11-19,Mad Scientist,1
2022-11-19,Medium,3
2022-11-19,Paladin,1
2022-11-19,Paramedic,1
2022-11-19,Parasite,1
2022-11-19,Randoman,1
2022-11-19,Summoner,2
2022-11-19,Swapper,1
2022-11-19,Traitor,6
2022-11-19,Turncoat,2
2022-11-19,Veteran,2
2022-11-22,Beggar,1
2022-11-22,Drunk,1
2022-11-22,Informant,4
2022-11-22,Innocent,12
2022-11-22,Jester,1
2022-11-22,Loot Goblin,3
2022-11-22,Medium,1
2022-11-22,Paladin,2
2022-11-22,Paramedic,2
2022-11-22,Randoman,2
2022-11-22,Summoner,2
2022-11-22,Tracker,1
2022-11-22,Traitor,6
2022-11-22,Turncoat,2
2022-11-22,Veteran,2
2022-11-25,Beggar,1
2022-11-25,Deputy,1
2022-11-25,Drunk,1
2022-11-25,Glitch,2
2022-11-25,Informant,3
2022-11-25,Innocent,16
2022-11-25,Jester,3
2022-11-25,Killer Clown,2
2022-11-25,Mad Scientist,1
2022-11-25,Medium,1
2022-11-25,Paladin,3
2022-11-25,Paramedic,2
2022-11-25,Parasite,2
2022-11-25,Randoman,2
2022-11-25,Summoner,2
2022-11-25,Tracker,2
2022-11-25,Traitor,9
2022-11-25,Turncoat,2
2022-11-25,Veteran,1
2022-12-01,Beggar,2
2022-12-01,Drunk,1
2022-12-01,Glitch,1
2022-12-01,Impersonator,1
2022-12-01,Informant,2
2022-12-01,Innocent,10
2022-12-01,Loot Goblin,2
2022-12-01,Paladin,2
2022-12-01,Parasite,1
2022-12-01,Randoman,2
2022-12-01,Tracker,1
2022-12-01,Traitor,6
2022-12-01,Turncoat,1
2022-12-01,Veteran,3
2022-12-03,Beggar,1
2022-12-03,Deputy,1
2022-12-03,Glitch,2
2022-12-03,Informant,2
2022-12-03,Innocent,8
2022-12-03,Killer Clown,1
2022-12-03,Mad Scientist,2
2022-12-03,Medium,3
2022-12-03,Parasite,1
2022-12-03,Summoner,1
2022-12-03,Tracker,1
2022-12-03,Traitor,4
2022-12-03,Turncoat,1
2022-12-10,Beggar,3
2022-12-10,Glitch,5
2022-12-10,Impersonator,2
2022-12-10,Informant,1
2022-12-10,Innocent,14
2022-12-10,Jester,2
2022-12-10,Mad Scientist,1
2022-12-10,Paladin,2
2022-12-10,Parasite,5
2022-12-10,Randoman,2
2022-12-10,Swapper,1
2022-12-10,Tracker,3
2022-12-10,Traitor,6
2022-12-10,Veteran,2
2022-12-13,Deputy,3
2022-12-13,Glitch,1
2022-12-13,Impersonator,3
2022-12-13,Informant,2
2022-12-13,Innocent,12
2022-12-13,Jester,4
2022-12-13,Loot Goblin,1
2022-12-13,Mad Scientist,1
2022-12-13,Paladin,2
2022-12-13,Paramedic,2
2022-12-13,Parasite,1
2022-12-13,Randoman,4
2022-12-13,Summoner,2
2022-12-13,Swapper,2
2022-12-13,Tracker,1
2022-12-13,Traitor,6
2022-12-13,Turncoat,1
2022-12-13,Veteran,1
2022-12-17,Detective,1
2022-12-17,Drunk,2
2022-12-17,Elf,2
2022-12-17,Glitch,2
2022-12-17,Impersonator,1
2022-12-17,Innocent,10
2022-12-17,Jester,1
2022-12-17,Killer Clown,2
2022-12-17,Loot Goblin,1
2022-12-17,Mad Scientist,1
2022-12-17,Paramedic,1
2022-12-17,Parasite,2
2022-12-17,Santa,3
2022-12-17,Summoner,2
2022-12-17,Swapper,1
2022-12-17,Tracker,1
2022-12-17,Traitor,5
2022-12-17,Veteran,2
2022-12-20,Beggar,1
2022-12-20,Glitch,2
2022-12-20,Impersonator,2
2022-12-20,Innocent,11
2022-12-20,Jester,2
2022-12-20,Loot Goblin,1
2022-12-20,Mad Scientist,4
2022-12-20,Medium,1
2022-12-20,Paramedic,1
2022-12-20,Parasite,2
2022-12-20,Santa,4
2022-12-20,Summoner,1
2022-12-20,Swapper,1
2022-12-20,Traitor,5
2022-12-20,Turncoat,1
2022-12-20,Veteran,1
2022-12-24,Deputy,1
2022-12-24,Detective,1
2022-12-24,Drunk,2
2022-12-24,Elf,3
2022-12-24,Glitch,1
2022-12-24,Hypnotist,2
2022-12-24,Informant,3
2022-12-24,Innocent,13
2022-12-24,Jester,4
2022-12-24,Loot Goblin,1
2022-12-24,Mad Scientist,1
2022-12-24,Paladin,1
2022-12-24,Paramedic,4
2022-12-24,Parasite,2
2022-12-24,Randoman,2
2022-12-24,Santa,3
2022-12-24,Summoner,1
2022-12-24,Swapper,1
2022-12-24,Traitor,6
2022-12-24,Turncoat,2
2022-12-24,Veteran,2
2022-12-27,Beggar,2
2022-12-27,Informant,3
2022-12-27,Innocent,13
2022-12-27,Killer Clown,1
2022-12-27,Mad Scientist,2
2022-12-27,Medium,1
2022-12-27,Paladin,4
2022-12-27,Paramedic,1
2022-12-27,Parasite,1
2022-12-27,Randoman,1
2022-12-27,Summoner,2
2022-12-27,Traitor,6
2022-12-27,Turncoat,3
2022-12-27,Veteran,2
2022-12-31,Beggar,1
2022-12-31,Impersonator,2
2022-12-31,Informant,2
2022-12-31,Innocent,10
2022-12-31,Jester,2
2022-12-31,Paladin,3
2022-12-31,Paramedic,3
2022-12-31,Parasite,1
2022-12-31,Randoman,2
2022-12-31,Swapper,2
2022-12-31,Traitor,5
2022-12-31,Veteran,2
2023-01-03,Beggar,1
2023-01-03,Drunk,2
2023-01-03,Glitch,1
2023-01-03,Impersonator,1
2023-01-03,Informant,2
2023-01-03,Innocent,13
2023-01-03,Jester,1
2023-01-03,Killer Clown,1
2023-01-03,Medium,2
2023-01-03,Paramedic,1
2023-01-03,Parasite,2
2023-01-03,Summoner,1
2023-01-03,Swapper,1
2023-01-03,Tracker,3
2023-01-03,Traitor,6
2023-01-03,Turncoat,3
2023-01-03,Veteran,1
2023-01-07,Glitch,1
2023-01-07,Hypnotist,1
2023-01-07,Impersonator,1
2023-01-07,Informant,1
2023-01-07,Innocent,12
2023-01-07,Jester,3
2023-01-07,Mad Scientist,1
2023-01-07,Paladin,1
2023-01-07,Parasite,3
2023-01-07,Randoman,2
2023-01-07,Swapper,2
2023-01-07,Tracker,3
2023-01-07,Traitor,6
2023-01-07,Turncoat,2
2023-01-07,Veteran,3
2023-01-10,Beggar,1
2023-01-10,Glitch,2
2023-01-10,Hypnotist,1
2023-01-10,Informant,1
2023-01-10,Innocent,10
2023-01-10,Jester,7
2023-01-10,Killer Clown,1
2023-01-10,Mad Scientist,1
2023-01-10,Medium,4
2023-01-10,Paladin,1
2023-01-10,Paramedic,2
2023-01-10,Summoner,3
2023-01-10,Tracker,1
2023-01-10,Traitor,6
2023-01-10,Veteran,1
2023-01-14,Beggar,1
2023-01-14,Drunk,2
2023-01-14,Glitch,2
2023-01-14,Hypnotist,1
2023-01-14,Impersonator,1
2023-01-14,Informant,1
2023-01-14,Innocent,8
2023-01-14,Jester,1
2023-01-14,Killer Clown,1
2023-01-14,Loot Goblin,1
2023-01-14,Mad Scientist,2
2023-01-14,Medium,1
2023-01-14,Paladin,2
2023-01-14,Randoman,1
2023-01-14,Summoner,1
2023-01-14,Traitor,4
2023-01-14,Turncoat,1
2023-01-14,Veteran,1
2023-01-17,Deputy,2
2023-01-17,Drunk,2
2023-01-17,Glitch,2
2023-01-17,Hypnotist,1
2023-01-17,Impersonator,2
2023-01-17,Innocent,11
2023-01-17,Jester,1
2023-01-17,Killer Clown,3
2023-01-17,Mad Scientist,2
2023-01-17,Medium,1
2023-01-17,Paladin,2
2023-01-17,Parasite,1
2023-01-17,Summoner,1
2023-01-17,Swapper,1
2023-01-17,Tracker,2
2023-01-17,Traitor,5
2023-01-17,Veteran,1
2023-01-21,Beggar,2
2023-01-21,Drunk,3
2023-01-21,Hypnotist,1
2023-01-21,Informant,1
2023-01-21,Innocent,13
2023-01-21,Jester,2
2023-01-21,Killer Clown,2
2023-01-21,Mad Scientist,1
2023-01-21,Medium,3
2023-01-21,Paladin,1
2023-01-21,Parasite,1
2023-01-21,Randoman,1
2023-01-21,Summoner,4
2023-01-21,Tracker,1
2023-01-21,Traitor,5
2023-01-21,Turncoat,5
2023-01-21,Veteran,2
2023-01-24,Drunk,2
2023-01-24,Glitch,2
2023-01-24,Innocent,17
2023-01-24,Jester,1
2023-01-24,Killer Clown,2
2023-01-24,Mad Scientist,1
2023-01-24,Paladin,3
2023-01-24,Parasite,1
2023-01-24,Randoman,1
2023-01-24,Summoner,3
2023-01-24,Swapper,1
2023-01-24,Traitor,4
2023-01-24,Turncoat,1
2023-01-24,Veteran,1
2023-01-28,Beggar,1
2023-01-28,Drunk,2
2023-01-28,Glitch,1
2023-01-28,Hypnotist,1
2023-01-28,Innocent,16
2023-01-28,Loot Goblin,1
2023-01-28,Mad Scientist,1
2023-01-28,Medium,1
2023-01-28,Paladin,2
2023-01-28,Parasite,2
2023-01-28,Randoman,1
2023-01-28,Summoner,1
2023-01-28,Swapper,2
2023-01-28,Traitor,4
2023-01-28,Turncoat,1
2023-01-28,Veteran,3
2023-01-31,Drunk,2
2023-01-31,Informant,1
2023-01-31,Innocent,9
2023-01-31,Jester,2
2023-01-31,Killer Clown,1
2023-01-31,Mad Scientist,1
2023-01-31,Medium,2
2023-01-31,Paladin,1
2023-01-31,Paramedic,3
2023-01-31,Parasite,1
2023-01-31,Randoman,1
2023-01-31,Summoner,2
2023-01-31,Swapper,1
2023-01-31,Traitor,4
2023-01-31,Veteran,1
2023-02-04,Beggar,1
2023-02-04,Drunk,3
2023-02-04,Hypnotist,1
2023-02-04,Impersonator,1
2023-02-04,Informant,1
2023-02-04,Innocent,12
2023-02-04,Jester,1
2023-02-04,Killer Clown,2
2023-02-04,Mad Scientist,2
2023-02-04,Medium,1
2023-02-04,Paladin,3
2023-02-04,Paramedic,1
2023-02-04,Parasite,1
2023-02-04,Randoman,1
2023-02-04,Summoner,2
2023-02-04,Swapper,2
2023-02-04,Tracker,1
2023-02-04,Traitor,6
2023-02-04,Turncoat,4
2023-02-04,Veteran,2
2023-02-07,Drunk,1
2023-02-07,Glitch,2
2023-02-07,Hypnotist,1
2023-02-07,Impersonator,1
2023-02-07,Informant,2
2023-02-07,Innocent,12
2023-02-07,Jester,1
2023-02-07,Killer Clown,1
2023-02-07,Loot Goblin,2
2023-02-07,Medium,1
2023-02-07,Paladin,2
2023-02-07,Paramedic,1
2023-02-07,Parasite,1
2023-02-07,Randoman,1
2023-02-07,Summoner,1
2023-02-07,Swapper,1
2023-02-07,Tracker,2
2023-02-07,Traitor,6
2023-02-07,Turncoat,2
2023-02-07,Veteran,1
2023-02-11,Drunk,1
2023-02-11,Glitch,3
2023-02-11,Impersonator,1
2023-02-11,Innocent,10
2023-02-11,Jester,1
2023-02-11,Killer Clown,1
2023-02-11,Loot Goblin,1
2023-02-11,Mad Scientist,1
2023-02-11,Medium,1
2023-02-11,Paladin,3
2023-02-11,Parasite,2
2023-02-11,Randoman,1
2023-02-11,Summoner,2
2023-02-11,Traitor,5
2023-02-11,Veteran,2
2023-02-14,Communist,2
2023-02-14,Deputy,2
2023-02-14,Informant,2
2023-02-14,Innocent,9
2023-02-14,Jester,1
2023-02-14,Killer Clown,1
2023-02-14,Loot Goblin,2
2023-02-14,Mad Scientist,2
2023-02-14,Medium,2
2023-02-14,Paladin,1
2023-02-14,Paramedic,1
2023-02-14,Randoman,1
2023-02-14,Summoner,2
2023-02-14,Taxidemist,1
2023-02-14,Tracker,1
2023-02-14,Traitor,4
2023-02-14,Turncoat,1
2023-02-18,Deputy,2
2023-02-18,Drunk,1
2023-02-18,Glitch,1
2023-02-18,Hypnotist,1
2023-02-18,Informant,1
2023-02-18,Innocent,6
2023-02-18,Jester,1
2023-02-18,Loot Goblin,1
2023-02-18,Mad Scientist,2
2023-02-18,Parasite,1
2023-02-18,Randoman,2
2023-02-18,Swapper,1
2023-02-18,Tracker,1
2023-02-18,Traitor,3
2023-02-21,Beggar,2
2023-02-21,Drunk,1
2023-02-21,Glitch,3
2023-02-21,Informant,3
2023-02-21,Innocent,8
2023-02-21,Killer Clown,1
2023-02-21,Loot Goblin,1
2023-02-21,Mad Scientist,3
2023-02-21,Paladin,1
2023-02-21,Parasite,1
2023-02-21,Tracker,3
2023-02-21,Traitor,4
2023-02-21,Turncoat,1
2023-02-25,Drunk,1
2023-02-25,Glitch,1
2023-02-25,Hypnotist,2
2023-02-25,Informant,1
2023-02-25,Innocent,10
2023-02-25,Jester,3
2023-02-25,Killer Clown,1
2023-02-25,Mad Scientist,4
2023-02-25,Medium,1
2023-02-25,Paladin,1
2023-02-25,Parasite,2
2023-02-25,Randoman,3
2023-02-25,Swapper,1
2023-02-25,Traitor,5
2023-02-25,Turncoat,2
2023-02-25,Veteran,2
2023-02-28,Deputy,1
2023-02-28,Drunk,3
2023-02-28,Glitch,1
2023-02-28,Hypnotist,1
2023-02-28,Informant,2
2023-02-28,Innocent,8
2023-02-28,Killer Clown,2
2023-02-28,Loot Goblin,2
2023-02-28,Mad Scientist,1
2023-02-28,Medium,2
2023-02-28,Paladin,1
2023-02-28,Summoner,1
2023-02-28,Tracker,1
2023-02-28,Traitor,4
2023-02-28,Turncoat,1
2023-02-28,Veteran,1
2023-03-04,Beggar,1
2023-03-04,Drunk,1
2023-03-04,Hypnotist,1
2023-03-04,Informant,2
2023-03-04,Innocent,8
2023-03-04,Jester,1
2023-03-04,Killer Clown,1
2023-03-04,Mad Scientist,2
2023-03-04,Medium,1
2023-03-04,Paladin,1
2023-03-04,Paramedic,1
2023-03-04,Randoman,1
2023-03-04,Summoner,1
2023-03-04,Swapper,2
2023-03-04,Tracker,1
2023-03-04,Traitor,4
2023-03-04,Turncoat,1
2023-03-04,Veteran,2
2023-03-07,Beggar,2
2023-03-07,Deputy,1
2023-03-07,Drunk,1
2023-03-07,Glitch,1
2023-03-07,Informant,3
2023-03-07,Innocent,10
2023-03-07,Jester,1
2023-03-07,Killer Clown,2
2023-03-07,Mad Scientist,1
2023-03-07,Medium,3
2023-03-07,Paladin,1
2023-03-07,Paramedic,1
2023-03-07,Parasite,2
2023-03-07,Randoman,1
2023-03-07,Summoner,1
2023-03-07,Swapper,3
2023-03-07,Traitor,5
2023-03-07,Turncoat,1
2023-03-11,Beggar,2
2023-03-11,Drunk,1
2023-03-11,Impersonator,1
2023-03-11,Informant,1
2023-03-11,Innocent,13
2023-03-11,Jester,2
2023-03-11,Killer Clown,2
2023-03-11,Loot Goblin,1
2023-03-11,Mad Scientist,2
2023-03-11,Medium,1
2023-03-11,Paladin,3
2023-03-11,Parasite,2
2023-03-11,Randoman,2
2023-03-11,Summoner,2
2023-03-11,Swapper,1
2023-03-11,Traitor,7
2023-03-11,Turncoat,3
2023-03-11,Veteran,2
2023-03-14,Beggar,2
2023-03-14,Deputy,2
2023-03-14,Hypnotist,1
2023-03-14,Informant,2
2023-03-14,Innocent,12
2023-03-14,Jester,4
2023-03-14,Killer Clown,1
2023-03-14,Loot Goblin,1
2023-03-14,Mad Scientist,2
2023-03-14,Paladin,3
2023-03-14,Parasite,1
2023-03-14,Summoner,2
2023-03-14,Swapper,2
2023-03-14,Tracker,3
2023-03-14,Traitor,6
2023-03-14,Turncoat,2
2023-03-14,Veteran,2
2023-03-18,Beggar,1
2023-03-18,Drunk,1
2023-03-18,Glitch,3
2023-03-18,Impersonator,2
2023-03-18,Innocent,14
2023-03-18,Jester,2
2023-03-18,Loot Goblin,1
2023-03-18,Mad Scientist,1
2023-03-18,Medium,1
2023-03-18,Paladin,2
2023-03-18,Paramedic,1
2023-03-18,Parasite,1
2023-03-18,Randoman,2
2023-03-18,Summoner,4
2023-03-18,Swapper,1
2023-03-18,Tracker,2
2023-03-18,Traitor,7
2023-03-18,Veteran,3
2023-03-21,Beggar,1
2023-03-21,Cupid,1
2023-03-21,Drunk,1
2023-03-21,Glitch,2
2023-03-21,Impersonator,1
2023-03-21,Informant,1
2023-03-21,Innocent,10
2023-03-21,Jester,2
2023-03-21,Killer Clown,2
2023-03-21,Mad Scientist,2
2023-03-21,Medium,2
2023-03-21,Paladin,1
2023-03-21,Parasite,1
2023-03-21,Summoner,2
2023-03-21,Swapper,1
2023-03-21,Tracker,2
2023-03-21,Traitor,5
2023-03-21,Veteran,3
2023-03-25,Beggar,1
2023-03-25,Cupid,3
2023-03-25,Deputy,1
2023-03-25,Glitch,1
2023-03-25,Impersonator,2
2023-03-25,Informant,1
2023-03-25,Innocent,10
2023-03-25,Jester,1
2023-03-25,Killer Clown,1
2023-03-25,Loot Goblin,2
2023-03-25,Medium,1
2023-03-25,Paladin,2
2023-03-25,Paramedic,3
2023-03-25,Parasite,1
2023-03-25,Summoner,1
2023-03-25,Swapper,2
2023-03-25,Tracker,2
2023-03-25,Traitor,5
2023-03-28,Cupid,1
2023-03-28,Glitch,3
2023-03-28,Innocent,8
2023-03-28,Jester,1
2023-03-28,Killer Clown,1
2023-03-28,Loot Goblin,1
2023-03-28,Marshal,2
2023-03-28,Medium,1
2023-03-28,Paramedic,1
2023-03-28,Parasite,2
2023-03-28,Summoner,2
2023-03-28,Tracker,1
2023-03-28,Traitor,4
2023-04-01,Cupid,1
2023-04-01,Drunk,1
2023-04-01,Glitch,3
2023-04-01,Hypnotist,2
2023-04-01,Informant,2
2023-04-01,Innocent,12
2023-04-01,Jester,2
2023-04-01,Killer Clown,1
2023-04-01,Marshal,3
2023-04-01,Paladin,2
2023-04-01,Paramedic,1
2023-04-01,Summoner,2
2023-04-01,Swapper,1
2023-04-01,Tracker,1
2023-04-01,Traitor,6
2023-04-01,Veteran,2
2023-04-04,Beggar,1
2023-04-04,Drunk,1
2023-04-04,Glitch,4
2023-04-04,Impersonator,1
2023-04-04,Informant,2
2023-04-04,Innocent,12
2023-04-04,Jester,2
2023-04-04,Killer Clown,2
2023-04-04,Medium,2
2023-04-04,Paladin,3
2023-04-04,Parasite,1
2023-04-04,Randoman,1
2023-04-04,Summoner,2
2023-04-04,Traitor,6
2023-04-04,Veteran,2
2023-04-08,Beggar,1
2023-04-08,Glitch,2
2023-04-08,Impersonator,1
2023-04-08,Informant,2
2023-04-08,Innocent,18
2023-04-08,Jester,2
2023-04-08,Loot Goblin,1
2023-04-08,Mad Scientist,2
2023-04-08,Marshal,1
2023-04-08,Paladin,3
2023-04-08,Traitor,5
2023-04-08,Veteran,2
2023-04-11,Drunk,1
2023-04-11,Glitch,1
2023-04-11,Informant,2
2023-04-11,Innocent,13
2023-04-11,Jester,1
2023-04-11,Killer Clown,1
2023-04-11,Loot Goblin,1
2023-04-11,Mad Scientist,2
2023-04-11,Paladin,1
2023-04-11,Parasite,1
2023-04-11,Randoman,1
2023-04-11,Swapper,1
2023-04-11,Tracker,1
2023-04-11,Traitor,3
2023-04-11,Veteran,2
2023-04-15,Deputy,3
2023-04-15,Drunk,2
2023-04-15,Glitch,2
2023-04-15,Hypnotist,1
2023-04-15,Impersonator,3
2023-04-15,Innocent,9
2023-04-15,Jester,2
2023-04-15,Killer Clown,2
2023-04-15,Loot Goblin,3
2023-04-15,Marshal,1
2023-04-15,Paladin,1
2023-04-15,Paramedic,1
2023-04-15,Parasite,1
2023-04-15,Summoner,1
2023-04-15,Tracker,3
2023-04-15,Traitor,4
2023-04-15,Veteran,1
2023-04-18,Beggar,1
2023-04-18,Drunk,1
2023-04-18,Glitch,2
2023-04-18,Hypnotist,3
2023-04-18,Innocent,12
2023-04-18,Killer Clown,1
2023-04-18,Loot Goblin,1
2023-04-18,Marshal,2
2023-04-18,Paladin,1
2023-04-18,Paramedic,1
2023-04-18,Parasite,2
2023-04-18,Randoman,2
2023-04-18,Shadow,1
2023-04-18,Summoner,1
2023-04-18,Swapper,1
2023-04-18,Tracker,1
2023-04-18,Traitor,6
2023-04-18,Veteran,3
2023-04-22,Cupid,2
2023-04-22,Deputy,1
2023-04-22,Drunk,1
2023-04-22,Elf,1
2023-04-22,Glitch,5
2023-04-22,Impersonator,1
2023-04-22,Informant,2
2023-04-22,Innocent,16
2023-04-22,Jester,1
2023-04-22,Loot Goblin,1
2023-04-22,Mad Scientist,2
2023-04-22,Medium,3
2023-04-22,Paladin,3
2023-04-22,Paramedic,1
2023-04-22,Parasite,1
2023-04-22,Randoman,2
2023-04-22,Summoner,4
2023-04-22,Traitor,8
2023-04-22,Veteran,1
2023-04-25,Beggar,1
2023-04-25,Cupid,1
2023-04-25,Deputy,2
2023-04-25,Drunk,2
2023-04-25,Glitch,4
2023-04-25,Impersonator,3
2023-04-25,Informant,2
2023-04-25,Innocent,18
2023-04-25,Jester,3
2023-04-25,Killer Clown,1
2023-04-25,Loot Goblin,1
2023-04-25,Marshal,2
2023-04-25,Medium,1
2023-04-25,Paladin,5
2023-04-25,Parasite,3
2023-04-25,Randoman,1
2023-04-25,Summoner,1
2023-04-25,Traitor,9
2023-04-25,Veteran,3
2023-04-29,Beggar,1
2023-04-29,Informant,2
2023-04-29,Innocent,6
2023-04-29,Jester,1
2023-04-29,Killer Clown,1
2023-04-29,Marshal,2
2023-04-29,Randoman,1
2023-04-29,Shadow,3
2023-04-29,Summoner,1
2023-04-29,Traitor,3
2023-04-29,Veteran,3
2023-05-02,Beggar,1
2023-05-02,Drunk,1
2023-05-02,Glitch,4
2023-05-02,Impersonator,1
2023-05-02,Informant,1
2023-05-02,Innocent,9
2023-05-02,Killer Clown,1
2023-05-02,Mad Scientist,1
2023-05-02,Paladin,2
2023-05-02,Paramedic,1
2023-05-02,Parasite,2
2023-05-02,Randoman,1
2023-05-02,Shadow,5
2023-05-02,Summoner,1
2023-05-02,Swapper,1
2023-05-02,Tracker,2
2023-05-02,Traitor,5
2023-05-02,Veteran,1
2023-05-06,Beggar,2
2023-05-06,Deputy,1
2023-05-06,Drunk,1
2023-05-06,Glitch,2
2023-05-06,Informant,2
2023-05-06,Innocent,11
2023-05-06,Jester,4
2023-05-06,Killer Clown,1
2023-05-06,Medium,1
2023-05-06,Paladin,2
2023-05-06,Paramedic,2
2023-05-06,Parasite,3
2023-05-06,Shadow,3
2023-05-06,Summoner,1
2023-05-06,Swapper,1
2023-05-06,Tracker,3
2023-05-06,Traitor,7
2023-05-06,Veteran,1
2023-05-09,Beggar,1
2023-05-09,Deputy,1
2023-05-09,Drunk,1
2023-05-09,Glitch,3
2023-05-09,Impersonator,2
2023-05-09,Informant,3
2023-05-09,Innocent,12
2023-05-09,Jester,2
2023-05-09,Killer Clown,1
2023-05-09,Loot Goblin,1
2023-05-09,Mad Scientist,2
2023-05-09,Marshal,2
2023-05-09,Paramedic,1
2023-05-09,Parasite,1
2023-05-09,Randoman,3
2023-05-09,Shadow,4
2023-05-09,Tracker,1
2023-05-09,Traitor,6
2023-05-09,Veteran,1
2023-05-13,Beggar,2
2023-05-13,Drunk,3
2023-05-13,Glitch,4
2023-05-13,Hypnotist,2
2023-05-13,Informant,2
2023-05-13,Innocent,9
2023-05-13,Loot Goblin,1
2023-05-13,Mad Scientist,1
2023-05-13,Marshal,1
2023-05-13,Medium,2
2023-05-13,Paladin,1
2023-05-13,Paramedic,1
2023-05-13,Parasite,1
2023-05-13,Randoman,1
2023-05-13,Shadow,3
2023-05-13,Swapper,1
2023-05-13,Traitor,5
2023-05-16,Deputy,1
2023-05-16,Drunk,2
2023-05-16,Impersonator,1
2023-05-16,Informant,1
2023-05-16,Innocent,8
2023-05-16,Jester,1
2023-05-16,Killer Clown,1
2023-05-16,Medium,1
2023-05-16,Paramedic,1
2023-05-16,Parasite,2
2023-05-16,Shadow,3
2023-05-16,Swapper,1
2023-05-16,Tracker,3
2023-05-16,Traitor,4
2023-05-16,Veteran,2
2023-05-20,Beggar,1
2023-05-20,Drunk,1
2023-05-20,Glitch,2
2023-05-20,Hypnotist,1
2023-05-20,Impersonator,2
2023-05-20,Innocent,14
2023-05-20,Killer Clown,2
2023-05-20,Loot Goblin,1
2023-05-20,Mad Scientist,1
2023-05-20,Medium,3
2023-05-20,Paramedic,1
2023-05-20,Parasite,1
2023-05-20,Randoman,2
2023-05-20,Shadow,4
2023-05-20,Summoner,1
2023-05-20,Tracker,1
2023-05-20,Traitor,7
2023-05-20,Veteran,3
2023-05-23,Beggar,1
2023-05-23,Deputy,1
2023-05-23,Drunk,1
2023-05-23,Glitch,2
2023-05-23,Hypnotist,1
2023-05-23,Impersonator,1
2023-05-23,Innocent,12
2023-05-23,Jester,1
2023-05-23,Killer Clown,1
2023-05-23,Paladin,4
2023-05-23,Paramedic,2
2023-05-23,Parasite,2
2023-05-23,Randoman,2
2023-05-23,Shadow,1
2023-05-23,Summoner,1
2023-05-23,Traitor,8
2023-05-23,Veteran,1
2023-05-27,Beggar,1
2023-05-27,Deputy,1
2023-05-27,Glitch,4
2023-05-27,Hypnotist,1
2023-05-27,Impersonator,1
2023-05-27,Informant,1
2023-05-27,Innocent,14
2023-05-27,Mad Scientist,1
2023-05-27,Marshal,2
2023-05-27,Medium,4
2023-05-27,Parasite,1
2023-05-27,Randoman,1
2023-05-27,Shadow,5
2023-05-27,Summoner,3
2023-05-27,Traitor,7
2023-05-27,Veteran,2
2023-05-30,Beggar,1
2023-05-30,Glitch,3
2023-05-30,Hypnotist,1
2023-05-30,Impersonator,2
2023-05-30,Informant,2
2023-05-30,Innocent,11
2023-05-30,Killer Clown,2
2023-05-30,Loot Goblin,2
2023-05-30,Marshal,1
2023-05-30,Medium,1
2023-05-30,Paladin,1
2023-05-30,Paramedic,1
2023-05-30,Randoman,1
2023-05-30,Shadow,4
2023-05-30,Tracker,1
2023-05-30,Traitor,5
2023-05-30,Veteran,1
2023-06-03,Glitch,2
2023-06-03,Informant,1
2023-06-03,Innocent,8
2023-06-03,Jester,2
2023-06-03,Killer Clown,1
2023-06-03,Loot Goblin,1
2023-06-03,Marshal,2
2023-06-03,Paladin,1
2023-06-03,Paramedic,1
2023-06-03,Parasite,1
2023-06-03,Shadow,2
2023-06-03,Summoner,2
2023-06-03,Swapper,1
2023-06-03,Tracker,1
2023-06-03,Traitor,5
2023-06-03,Veteran,1
2023-06-06,Beggar,2
2023-06-06,Drunk,1
2023-06-06,Glitch,3
2023-06-06,Impersonator,2
2023-06-06,Informant,1
2023-06-06,Innocent,6
2023-06-06,Paladin,2
2023-06-06,Shadow,3
2023-06-06,Tracker,1
2023-06-06,Traitor,3
2023-06-10,Beggar,1
2023-06-10,Drunk,2
2023-06-10,Glitch,1
2023-06-10,Informant,3
2023-06-10,Innocent,10
2023-06-10,Killer Clown,1
2023-06-10,Mad Scientist,1
2023-06-10,Medium,2
2023-06-10,Paladin,1
2023-06-10,Parasite,1
2023-06-10,Randoman,2
2023-06-10,Shadow,5
2023-06-10,Summoner,1
2023-06-10,Traitor,5
2023-06-10,Veteran,4
2023-06-13,Drunk,2
2023-06-13,Glitch,3
2023-06-13,Informant,2
2023-06-13,Innocent,8
2023-06-13,Killer Clown,2
2023-06-13,Mad Scientist,1
2023-06-13,Medium,2
2023-06-13,Paladin,1
2023-06-13,Shadow,3
2023-06-13,Summoner,2
2023-06-13,Tracker,1
2023-06-13,Traitor,4
2023-06-13,Veteran,1
2023-06-17,Beggar,3
2023-06-17,Deputy,2
2023-06-17,Hypnotist,1
2023-06-17,Informant,2
2023-06-17,Innocent,15
2023-06-17,Jester,1
2023-06-17,Killer Clown,1
2023-06-17,Loot Goblin,1
2023-06-17,Mad Scientist,3
2023-06-17,Marshal,1
2023-06-17,Medium,2
2023-06-17,Paladin,1
2023-06-17,Paramedic,1
2023-06-17,Randoman,2
2023-06-17,Shadow,3
2023-06-17,Summoner,4
2023-06-17,Swapper,1
2023-06-17,Tracker,1
2023-06-17,Traitor,7
2023-06-17,Veteran,4
2023-06-20,Drunk,1
2023-06-20,Glitch,3
2023-06-20,Informant,2
2023-06-20,Innocent,12
2023-06-20,Jester,3
2023-06-20,Killer Clown,1
2023-06-20,Loot Goblin,1
2023-06-20,Mad Scientist,3
2023-06-20,Marshal,2
2023-06-20,Paladin,3
2023-06-20,Parasite,2
2023-06-20,Shadow,3
2023-06-20,Summoner,2
2023-06-20,Tracker,1
2023-06-20,Traitor,6
2023-06-20,Veteran,3
2023-06-22,Beggar,2
2023-06-22,Deputy,1
2023-06-22,Drunk,1
2023-06-22,Glitch,1
2023-06-22,Impersonator,1
2023-06-22,Informant,3
2023-06-22,Innocent,8
2023-06-22,Loot Goblin,2
2023-06-22,Mad Scientist,1
2023-06-22,Marshal,1
2023-06-22,Paladin,1
2023-06-22,Randoman,1
2023-06-22,Shadow,2
2023-06-22,Tracker,1
2023-06-22,Traitor,4
2023-06-22,Veteran,2
2023-06-24,Drunk,1
2023-06-24,Hypnotist,1
2023-06-24,Informant,2
2023-06-24,Innocent,12
2023-06-24,Loot Goblin,5
2023-06-24,Mad Scientist,1
2023-06-24,Marshal,1
2023-06-24,Paramedic,5
2023-06-24,Parasite,2
2023-06-24,Randoman,2
2023-06-24,Shadow,1
2023-06-24,Summoner,1
2023-06-24,Tracker,1
2023-06-24,Traitor,4
2023-06-24,Veteran,3
2023-06-27,Beggar,1
2023-06-27,Deputy,1
2023-06-27,Glitch,1
2023-06-27,Informant,3
2023-06-27,Innocent,11
2023-06-27,Loot Goblin,1
2023-06-27,Paladin,1
2023-06-27,Paramedic,2
2023-06-27,Randoman,2
2023-06-27,Shadow,1
2023-06-27,Summoner,2
2023-06-27,Swapper,1
2023-06-27,Tracker,2
2023-06-27,Traitor,5
2023-06-27,Veteran,1
2023-06-29,Beggar,3
2023-06-29,Drunk,2
2023-06-29,Glitch,2
2023-06-29,Impersonator,1
2023-06-29,Innocent,12
2023-06-29,Jester,7
2023-06-29,Loot Goblin,1
2023-06-29,Paladin,3
2023-06-29,Parasite,1
2023-06-29,Randoman,4
2023-06-29,Summoner,1
2023-06-29,Traitor,9
2023-06-29,Veteran,2
